source_id,risk,license_class,title,org,source_url,status,evidence_atoms,local_blocks_exported,local_chars_exported,public_site_use,commercial_site_use,redistribute_full_source,notes
SRC-AAP-NRP9-2025,RED,COMMERCIAL_LICENSED_PRODUCT,"Textbook of Neonatal Resuscitation, 9th Edition",American Academy of Pediatrics,https://www.aap.org/Textbook-of-Neonatal-Resuscitation-9th-Edition-eBook,CONDITIONAL_OR_REFERENCE_ONLY,0,0,0,CITATION/LINK ONLY,LICENSE_REQUIRED,PROHIBITED_WITHOUT_LICENSE,"Facts/scientific concepts may be independently restated where lawful; this does not authorize copying protected expression, tables, algorithms, figures or branded forms."
SRC-ABA-BURN-2024,ORANGE,ALL_RIGHTS_RESERVED,Clinical Practice Guidelines on Burn Shock Resuscitation,American Burn Association,https://pubmed.ncbi.nlm.nih.gov/38051821/,CONDITIONAL_OR_REFERENCE_ONLY,749,0,0,LINK/CITATION; NO DIRECT REUSE,PERMISSION REQUIRED,NOT ALLOWED WITHOUT PERMISSION,"Existing corpus contains 749 evidence atoms from this source; downstream generative use must be blocked until permission/substitution. Facts/scientific concepts may be independently restated where lawful; this does not authorize copying protected expression, tables, algorithms, figures or branded forms."
SRC-ABA-REFERRAL,GREEN_CONDITIONAL,DISTRIBUTE_ORIGINAL_ONLY,Guidelines for Burn Patient Referral,American Burn Association,https://www.ameriburn.org/burn-care-team/resources/guidelines-for-burn-patient-referral,CONDITIONAL_OR_REFERENCE_ONLY,71,0,0,LINK_OR_DISTRIBUTE_ORIGINAL_PDF; DO_NOT_EDIT,REVIEW_REQUIRED,ALLOWED_ONLY_IN_ORIGINAL_FORM_IN_ENTIRETY_WITH_ATTRIBUTION,
SRC-ACOG-PREECLAMPSIA,RED,SUBSCRIPTION_PROPRIETARY,Practice Bulletin No. 222 — Gestational Hypertension and Preeclampsia,American College of Obstetricians and Gynecologists,https://www.acog.org/clinical/clinical-guidance/practice-bulletin/articles/2020/06/gestational-hypertension-and-preeclampsia,CONDITIONAL_OR_REFERENCE_ONLY,0,0,0,CITATION/LINK; NO REPRODUCTION,PERMISSION/LICENSE REQUIRED,PROHIBITED_WITHOUT_PERMISSION,"Facts/scientific concepts may be independently restated where lawful; this does not authorize copying protected expression, tables, algorithms, figures or branded forms."
SRC-ACS-TRAUMA-STANDARDS,ORANGE,ALL_RIGHTS_RESERVED_STANDARD,"Resources for Optimal Care of the Injured Patient — 2022 Standards, revisions through 2025",American College of Surgeons,https://www.facs.org/quality-programs/trauma/quality/verification-review-and-consultation-program/standards/,CONDITIONAL_OR_REFERENCE_ONLY,80,0,0,LINK/CITATION; DO NOT REPUBLISH STANDARDS,PERMISSION REQUIRED,NOT ALLOWED UNLESS ACS EXPRESSLY AUTHORIZES,"Existing corpus contains 80 evidence atoms from this source; downstream generative use must be blocked until permission/substitution. Facts/scientific concepts may be independently restated where lawful; this does not authorize copying protected expression, tables, algorithms, figures or branded forms."
SRC-ADA-2026,RED,PROPRIETARY_EXPLICIT_NO_TDM_AI,"Standards of Care in Diabetes—2026: Glycemic Goals, Hypoglycemia, and Hyperglycemic Crises",American Diabetes Association,https://diabetesjournals.org/care/article/49/Supplement_1/S132/163927/6-Glycemic-Goals-Hypoglycemia-and-Hyperglycemic,CONDITIONAL_OR_REFERENCE_ONLY,969,0,0,LINK/CITATION; NO_DIRECT_REPRODUCTION,PERMISSION_REQUIRED,NOT_ALLOWED_WITHOUT_PERMISSION,"Existing corpus contains 969 evidence atoms from this source; downstream generative use must be blocked until permission/substitution. Facts/scientific concepts may be independently restated where lawful; this does not authorize copying protected expression, tables, algorithms, figures or branded forms."
SRC-AES-CSE-2016,ORANGE,COPYRIGHTED_FREE_ACCESS,Evidence-Based Guideline: Treatment of Convulsive Status Epilepticus in Children and Adults,American Epilepsy Society,https://aesnet.org/clinical-care/clinical-guidance/guideline-prolonged-seizures/guideline-for-treatment-of-prolonged-seizures-in-children-and-adults,CONDITIONAL_OR_REFERENCE_ONLY,15,0,0,LINK/CITATION; RECREATE OWN NON-COPYING ALGORITHM FROM FACTS ONLY AFTER REVIEW,PERMISSION REQUIRED FOR DIRECT REUSE,DO NOT REDISTRIBUTE UNLESS TERMS ALLOW,"Facts/scientific concepts may be independently restated where lawful; this does not authorize copying protected expression, tables, algorithms, figures or branded forms."
SRC-AGREE-II-2017,YELLOW,NONCOMMERCIAL_EDUCATIONAL,AGREE II Instrument — 2017 update,AGREE Enterprise,https://www.agreetrust.org/wp-content/uploads/2017/12/AGREE-II-Users-Manual-and-23-item-Instrument-2009-Update-2017.pdf,CONDITIONAL_OR_REFERENCE_ONLY,513,0,0,ONLY_IF_NONCOMMERCIAL_AND_CONDITIONS_MET,NOT_ALLOWED_WITHOUT_PERMISSION,NONCOMMERCIAL_EDUCATIONAL_ONLY,"Facts/scientific concepts may be independently restated where lawful; this does not authorize copying protected expression, tables, algorithms, figures or branded forms."
SRC-AHA-ACS-2025,RED,PROPRIETARY_PERMISSION_REQUIRED,2025 Guideline for the Management of Patients With Acute Coronary Syndromes,ACC/AHA/ACEP/NAEMSP/SCAI,https://professional.heart.org/en/science-news/2025-guideline-for-the-management-of-patients-with-acute-coronary-syndromes,CONDITIONAL_OR_REFERENCE_ONLY,3582,0,0,LINK/CITATION; NO_REPUBLISHING,NOT_ALLOWED_WITHOUT_LICENSE/PERMISSION,NOT_ALLOWED_WITHOUT_PERMISSION,"Existing corpus contains 3582 evidence atoms from this source; downstream generative use must be blocked until permission/substitution. Facts/scientific concepts may be independently restated where lawful; this does not authorize copying protected expression, tables, algorithms, figures or branded forms."
SRC-AHA-ALS-2025,RED,PROPRIETARY_PERMISSION_REQUIRED,2025 AHA Guidelines — Adult Advanced Life Support,American Heart Association,https://cpr.heart.org/en/resuscitation-science/cpr-and-ecc-guidelines/adult-advanced-life-support,CONDITIONAL_OR_REFERENCE_ONLY,1693,0,0,LINK/CITATION; NO_REPUBLISHING,NOT_ALLOWED_WITHOUT_LICENSE/PERMISSION,NOT_ALLOWED_WITHOUT_PERMISSION,"Existing corpus contains 1693 evidence atoms from this source; downstream generative use must be blocked until permission/substitution. Facts/scientific concepts may be independently restated where lawful; this does not authorize copying protected expression, tables, algorithms, figures or branded forms."
SRC-AHA-BLS-2025,RED,PROPRIETARY_PERMISSION_REQUIRED,2025 AHA Guidelines — Adult Basic Life Support,American Heart Association,https://cpr.heart.org/en/resuscitation-science/cpr-and-ecc-guidelines/adult-basic-life-support,CONDITIONAL_OR_REFERENCE_ONLY,1255,0,0,LINK/CITATION; NO_REPUBLISHING,NOT_ALLOWED_WITHOUT_LICENSE/PERMISSION,NOT_ALLOWED_WITHOUT_PERMISSION,"Existing corpus contains 1255 evidence atoms from this source; downstream generative use must be blocked until permission/substitution. Facts/scientific concepts may be independently restated where lawful; this does not authorize copying protected expression, tables, algorithms, figures or branded forms."
SRC-AHA-NEONATAL-2025,RED,PROPRIETARY_PERMISSION_REQUIRED,2025 AHA/AAP Guidelines — Neonatal Resuscitation,American Heart Association / AAP,https://cpr.heart.org/en/resuscitation-science/cpr-and-ecc-guidelines/neonatal-resuscitation,CONDITIONAL_OR_REFERENCE_ONLY,1788,0,0,LINK/CITATION; NO_REPUBLISHING,NOT_ALLOWED_WITHOUT_LICENSE/PERMISSION,NOT_ALLOWED_WITHOUT_PERMISSION,"Existing corpus contains 1788 evidence atoms from this source; downstream generative use must be blocked until permission/substitution. Facts/scientific concepts may be independently restated where lawful; this does not authorize copying protected expression, tables, algorithms, figures or branded forms."
SRC-AHA-PALS-2025,RED,PROPRIETARY_PERMISSION_REQUIRED,2025 AHA/AAP Guidelines — Pediatric Advanced Life Support,American Heart Association / AAP,https://cpr.heart.org/en/resuscitation-science/cpr-and-ecc-guidelines/pediatric-advanced-life-support,CONDITIONAL_OR_REFERENCE_ONLY,2485,0,0,LINK/CITATION; NO_REPUBLISHING,NOT_ALLOWED_WITHOUT_LICENSE/PERMISSION,NOT_ALLOWED_WITHOUT_PERMISSION,"Existing corpus contains 2485 evidence atoms from this source; downstream generative use must be blocked until permission/substitution. Facts/scientific concepts may be independently restated where lawful; this does not authorize copying protected expression, tables, algorithms, figures or branded forms."
SRC-AHA-STROKE-2026,RED,PROPRIETARY_PERMISSION_REQUIRED,2026 Guideline for the Early Management of Patients With Acute Ischemic Stroke,American Heart Association / American Stroke Association,https://professional.heart.org/en/science-news/2026-guideline-for-the-early-management-of-patients-with-acute-ischemic-stroke,CONDITIONAL_OR_REFERENCE_ONLY,4141,0,0,LINK/CITATION; NO_REPUBLISHING,NOT_ALLOWED_WITHOUT_LICENSE/PERMISSION,NOT_ALLOWED_WITHOUT_PERMISSION,"Existing corpus contains 4141 evidence atoms from this source; downstream generative use must be blocked until permission/substitution. Facts/scientific concepts may be independently restated where lawful; this does not authorize copying protected expression, tables, algorithms, figures or branded forms."
SRC-AHRQ-TEAMSTEPPS3,YELLOW,US_GOV_WORKS_JURISDICTION_LIMITED,TeamSTEPPS 3.0 Curriculum Materials,AHRQ,https://www.ahrq.gov/teamstepps-program/curriculum/index.html,CONDITIONAL_OR_REFERENCE_ONLY,8,0,0,LINK_PREFERRED; REPRODUCTION_REQUIRES_REVIEW_OUTSIDE_US,PERMISSION_REQUIRED/REVIEW,GLOBAL_WEB_REPRODUCTION_REQUIRES_SPECIFIC_PERMISSION,"Facts/scientific concepts may be independently restated where lawful; this does not authorize copying protected expression, tables, algorithms, figures or branded forms."
SRC-AMIB-SBPT-VM-2024,ORANGE,RIGHTS_UNCLEAR_PROFESSIONAL_GUIDANCE,Orientações Práticas de Ventilação Mecânica 2024,AMIB / SBPT,https://amib.org.br/documentos/orientacoes-praticas-de-ventilacao-mecanica-2024/,CONDITIONAL_OR_REFERENCE_ONLY,0,0,0,FACTUAL SYNTHESIS ONLY; NO DIRECT REUSE,PERMISSION REVIEW REQUIRED,LINK ONLY UNLESS NOTICE ALLOWS,"Facts/scientific concepts may be independently restated where lawful; this does not authorize copying protected expression, tables, algorithms, figures or branded forms."
SRC-ANVISA-ITU-2026,ORANGE,GOV_SITE_CC_BY_ND_TECHNICAL_PUBLICATION,Protocolo para prevenção de infecção do trato urinário relacionada ao uso de cateter vesical de demora,ANVISA,https://www.gov.br/anvisa/pt-br/assuntos/servicosdesaude/prevencao-e-controle-de-infeccao-e-resistencia-microbiana/prevencao-das-principais-iras/infeccao-do-trato-urinario/protocolo-3-prevencao-de-itu-final.pdf,CONDITIONAL_OR_REFERENCE_ONLY,554,0,0,LINK/CITATION; DIRECT UNMODIFIED USE ONLY IF NOTICE COVERS,CC BY-ND SITE LICENSE MAY ALLOW SHARING BUT NOT DERIVATIVES; ITEM REVIEW REQUIRED,UNMODIFIED SOURCE LINK/PDF SUBJECT TO NOTICE,"Facts/scientific concepts may be independently restated where lawful; this does not authorize copying protected expression, tables, algorithms, figures or branded forms."
SRC-ANVISA-RDC36-2013,GREEN,BRAZIL_OFFICIAL_ACT,RDC nº 36/2013 — ações para a segurança do paciente em serviços de saúde,ANVISA,https://bvsms.saude.gov.br/bvs/saudelegis/anvisa/2013/rdc0036_25_07_2013.html,EXPORTED_FULLTEXT,82,92,10068,ALLOWED_FOR_OFFICIAL_TEXT,ALLOWED_FOR_OFFICIAL_TEXT,ALLOWED_FOR_OFFICIAL_TEXT; PREFER_LINK_TO_OFFICIAL,"Official-text status does not extend to logos, website layout, editorial annotations or third-party assets."
SRC-ANVISA-RDC50-2002,GREEN,BRAZIL_OFFICIAL_ACT,RDC nº 50/2002 — projetos físicos de estabelecimentos assistenciais de saúde,ANVISA,https://bvs.saude.gov.br/bvs/saudelegis/anvisa/2002/rdc0050_21_02_2002.html,EXPORTED_FULLTEXT,6394,7500,340941,ALLOWED_FOR_OFFICIAL_TEXT,ALLOWED_FOR_OFFICIAL_TEXT,ALLOWED_FOR_OFFICIAL_TEXT; PREFER_LINK_TO_OFFICIAL,"Official-text status does not extend to logos, website layout, editorial annotations or third-party assets."
SRC-ANVISA-RDC509-2021,GREEN,BRAZIL_OFFICIAL_ACT,RDC nº 509/2021 — gerenciamento de tecnologias em saúde em estabelecimentos de saúde,ANVISA,https://bvsms.saude.gov.br/bvs/saudelegis/anvisa/2020/rdc0509_27_05_2021.pdf,EXPORTED_FULLTEXT,72,68,14831,ALLOWED_FOR_OFFICIAL_TEXT,ALLOWED_FOR_OFFICIAL_TEXT,ALLOWED_FOR_OFFICIAL_TEXT; PREFER_LINK_TO_OFFICIAL,"Official-text status does not extend to logos, website layout, editorial annotations or third-party assets."
SRC-ANVISA-SNCR-2026,GREEN_CONDITIONAL,OFFICIAL_FORMS_AND_GOV_SITE,SNCR — Receituário físico e modelos vigentes (Versão 2),ANVISA,https://www.gov.br/anvisa/pt-br/assuntos/medicamentos/controlados/sncr/receituario-fisico,CONDITIONAL_OR_REFERENCE_ONLY,9,0,0,ALLOWED_WITH_CLEAR_SOURCE_AND_NO_FAKE_OFFICIALITY,ALLOWED_FOR_UNPROTECTED_OFFICIAL_ELEMENTS; SITE_CONTENT_ND,PREFER_ORIGINAL_OFFICIAL_FILES,
SRC-ATLS11-2025,RED,COMMERCIAL_TRAINING_PRODUCT,ATLS 11 — lançamento e atualização do xABCDE,American College of Surgeons,https://www.facs.org/for-medical-professionals/news-publications/news-and-articles/acs-brief/september-16-2025-issue/trauma-care-gets-major-upgrade-with-launch-of-atls-11/,CONDITIONAL_OR_REFERENCE_ONLY,80,0,0,NOMINATIVE_REFERENCE/NEWS_FACTS_ONLY,LICENSE_REQUIRED_FOR_PRODUCT_CONTENT,PROHIBITED_FOR_PRODUCT_CONTENT,"Existing corpus contains 80 evidence atoms from this source; downstream generative use must be blocked until permission/substitution. Facts/scientific concepts may be independently restated where lawful; this does not authorize copying protected expression, tables, algorithms, figures or branded forms."
SRC-BEERS-2023,ORANGE,AUTHOR_MANUSCRIPT_NOT_OPEN_LICENSED,2023 Updated AGS Beers Criteria,American Geriatrics Society,https://pubmed.ncbi.nlm.nih.gov/37139824/,CONDITIONAL_OR_REFERENCE_ONLY,782,0,0,CITATION AND INDEPENDENT SYNTHESIS; NO TABLE REPRODUCTION,PERMISSION/LICENCE REQUIRED FOR DIRECT REUSE,DO NOT ASSUME PMC DEPOSIT GRANTS REDISTRIBUTION,"Existing corpus contains 782 evidence atoms from this source; downstream generative use must be blocked until permission/substitution. Facts/scientific concepts may be independently restated where lawful; this does not authorize copying protected expression, tables, algorithms, figures or branded forms."
SRC-BR-DEFESA-CIVIL-12608,GREEN,BRAZIL_OFFICIAL_ACT,"Lei nº 12.608/2012 — Política Nacional de Proteção e Defesa Civil, texto compilado",Brasil,https://www.planalto.gov.br/ccivil_03/_ato2011-2014/2012/lei/l12608.htm,EXPORTED_FULLTEXT,234,231,48632,ALLOWED_FOR_OFFICIAL_TEXT,ALLOWED_FOR_OFFICIAL_TEXT,ALLOWED_FOR_OFFICIAL_TEXT; PREFER_LINK_TO_OFFICIAL,"Official-text status does not extend to logos, website layout, editorial annotations or third-party assets."
SRC-BR-ESTAGIO-11788,GREEN,BRAZIL_OFFICIAL_ACT,Lei nº 11.788/2008 — estágio de estudantes,Brasil,https://www.planalto.gov.br/ccivil_03/_ato2007-2010/2008/lei/l11788.htm,EXPORTED_FULLTEXT,97,97,16577,ALLOWED_FOR_OFFICIAL_TEXT,ALLOWED_FOR_OFFICIAL_TEXT,ALLOWED_FOR_OFFICIAL_TEXT; PREFER_LINK_TO_OFFICIAL,"Official-text status does not extend to logos, website layout, editorial annotations or third-party assets."
SRC-BR-EXERCICIO-ENF,GREEN,BRAZIL_OFFICIAL_ACT,Lei nº 7.498/1986 e Decreto nº 94.406/1987 — exercício profissional de enfermagem,Brasil,https://www.planalto.gov.br/ccivil_03/leis/l7498.htm,EXPORTED_FULLTEXT,113,113,12474,ALLOWED_FOR_OFFICIAL_TEXT,ALLOWED_FOR_OFFICIAL_TEXT,ALLOWED_FOR_OFFICIAL_TEXT; PREFER_LINK_TO_OFFICIAL,"Official-text status does not extend to logos, website layout, editorial annotations or third-party assets."
SRC-BR-SAUDE-MENTAL-10216,GREEN,BRAZIL_OFFICIAL_ACT,Lei nº 10.216/2001 — proteção e direitos das pessoas com transtornos mentais,Brasil,https://www.planalto.gov.br/ccivil_03/leis/leis_2001/l10216.htm,EXPORTED_FULLTEXT,40,40,6014,ALLOWED_FOR_OFFICIAL_TEXT,ALLOWED_FOR_OFFICIAL_TEXT,ALLOWED_FOR_OFFICIAL_TEXT; PREFER_LINK_TO_OFFICIAL,"Official-text status does not extend to logos, website layout, editorial annotations or third-party assets."
SRC-BR-SUICIDIO-13819,GREEN,BRAZIL_OFFICIAL_ACT,Lei nº 13.819/2019 — Política Nacional de Prevenção da Automutilação e do Suicídio,Brasil,https://www.planalto.gov.br/ccivil_03/_ato2019-2022/2019/lei/l13819.htm,EXPORTED_FULLTEXT,51,47,7283,ALLOWED_FOR_OFFICIAL_TEXT,ALLOWED_FOR_OFFICIAL_TEXT,ALLOWED_FOR_OFFICIAL_TEXT; PREFER_LINK_TO_OFFICIAL,"Official-text status does not extend to logos, website layout, editorial annotations or third-party assets."
SRC-BTF-TBI-4,ORANGE,RIGHTS_UNCLEAR_GUIDELINE,"Guidelines for the Management of Severe TBI, 4th Edition",Brain Trauma Foundation,https://braintrauma.org/coma/guidelines/severe-tbi,CONDITIONAL_OR_REFERENCE_ONLY,5622,0,0,FACTUAL SYNTHESIS/CITATION ONLY,PERMISSION REVIEW REQUIRED,LINK ONLY,"Existing corpus contains 5622 evidence atoms from this source; downstream generative use must be blocked until permission/substitution. Facts/scientific concepts may be independently restated where lawful; this does not authorize copying protected expression, tables, algorithms, figures or branded forms."
SRC-CASP-2024,YELLOW,OPEN_NONCOMMERCIAL_SHAREALIKE,CASP Checklists,Critical Appraisal Skills Programme,https://casp-uk.net/casp-tools-checklists/,CONDITIONAL_OR_REFERENCE_ONLY,39,0,0,ONLY_IF_USE_IS_NONCOMMERCIAL_OR_PERMISSION_OBTAINED,NOT_ALLOWED_WITHOUT_PERMISSION,ALLOWED_NONCOMMERCIAL_UNDER_SHAREALIKE,"Facts/scientific concepts may be independently restated where lawful; this does not authorize copying protected expression, tables, algorithms, figures or branded forms."
SRC-COCHRANE-6.5,YELLOW,LIMITED_NONCOMMERCIAL_REUSE,"Cochrane Handbook for Systematic Reviews of Interventions, Version 6.5",Cochrane,https://www.cochrane.org/authors/handbooks-and-manuals/handbook/current,CONDITIONAL_OR_REFERENCE_ONLY,41,0,0,CITATION/SHORT_QUOTE_ONLY_UNLESS_PERMISSION,COMMERCIAL_REUSE_REQUIRES_PERMISSION,NOT_ALLOWED_WITHOUT_PERMISSION,"Facts/scientific concepts may be independently restated where lawful; this does not authorize copying protected expression, tables, algorithms, figures or branded forms."
SRC-COFEN-679-2021,GREEN,BRAZIL_OFFICIAL_ACT,Resolução COFEN nº 679/2021 — ultrassonografia à beira do leito e pré-hospitalar por enfermeiro,COFEN,https://www.cofen.gov.br/resolucao-cofen-no-679-2021/,EXPORTED_FULLTEXT,79,57,16216,ALLOWED_FOR_OFFICIAL_TEXT,ALLOWED_FOR_OFFICIAL_TEXT,ALLOWED_FOR_OFFICIAL_TEXT; PREFER_LINK_TO_OFFICIAL,"Official-text status does not extend to logos, website layout, editorial annotations or third-party assets."
SRC-COFEN-736-2024,GREEN,BRAZIL_OFFICIAL_ACT,Resolução COFEN nº 736/2024 — Processo de Enfermagem,COFEN,https://www.cofen.gov.br/resolucao-cofen-no-736-de-17-de-janeiro-de-2024/,EXPORTED_FULLTEXT,139,123,34412,ALLOWED_FOR_OFFICIAL_TEXT,ALLOWED_FOR_OFFICIAL_TEXT,ALLOWED_FOR_OFFICIAL_TEXT; PREFER_LINK_TO_OFFICIAL,"Official-text status does not extend to logos, website layout, editorial annotations or third-party assets."
SRC-COFEN-743-2024,GREEN,BRAZIL_OFFICIAL_ACT,Resolução COFEN nº 743/2024,COFEN,https://www.cofen.gov.br/resolucao-cofen-no-743-de-12-de-marco-de-2024/,EXPORTED_FULLTEXT,671,646,92331,ALLOWED_FOR_OFFICIAL_TEXT,ALLOWED_FOR_OFFICIAL_TEXT,ALLOWED_FOR_OFFICIAL_TEXT; PREFER_LINK_TO_OFFICIAL,"Official-text status does not extend to logos, website layout, editorial annotations or third-party assets."
SRC-COFEN-746-2024,GREEN,BRAZIL_OFFICIAL_ACT,Resolução COFEN nº 746/2024 — contenção mecânica,COFEN,https://www.cofen.gov.br/resolucao-cofen-no-746-de-20-de-marco-de-2024/,EXPORTED_FULLTEXT,147,83,20025,ALLOWED_FOR_OFFICIAL_TEXT,ALLOWED_FOR_OFFICIAL_TEXT,ALLOWED_FOR_OFFICIAL_TEXT; PREFER_LINK_TO_OFFICIAL,"Official-text status does not extend to logos, website layout, editorial annotations or third-party assets."
SRC-COFEN-PN1-2024,GREEN,BRAZIL_OFFICIAL_ACT,Parecer Normativo nº 1/2024/COFEN — parâmetros para planejamento da força de trabalho da Enfermagem,COFEN,https://www.cofen.gov.br/parecer-normativo-no-1-2024-cofen/,EXPORTED_FULLTEXT,412,406,67840,ALLOWED_FOR_OFFICIAL_TEXT,ALLOWED_FOR_OFFICIAL_TEXT,ALLOWED_FOR_OFFICIAL_TEXT; PREFER_LINK_TO_OFFICIAL,"Official-text status does not extend to logos, website layout, editorial annotations or third-party assets."
SRC-CRASH2,ORANGE,COPYRIGHTED_JOURNAL_ARTICLE,"Effects of tranexamic acid on death, vascular occlusive events, and blood transfusion in trauma patients",CRASH-2 Collaborators,https://pubmed.ncbi.nlm.nih.gov/20554319/,CONDITIONAL_OR_REFERENCE_ONLY,392,0,0,CITATION/LINK; INDEPENDENT SYNTHESIS ONLY,PERMISSION REQUIRED FOR DIRECT REUSE,NOT ALLOWED WITHOUT LICENSE,"Existing corpus contains 392 evidence atoms from this source; downstream generative use must be blocked until permission/substitution. Facts/scientific concepts may be independently restated where lawful; this does not authorize copying protected expression, tables, algorithms, figures or branded forms."
SRC-DAS-2025,YELLOW,OPEN_NONCOMMERCIAL_NODERIVATIVES,2025 guidelines for management of unanticipated difficult tracheal intubation in adults,Difficult Airway Society,https://das.uk.com/guidelines/das_intubation_guidelines/,CONDITIONAL_OR_REFERENCE_ONLY,17,0,0,ONLY_UNMODIFIED_NONCOMMERCIAL_OR PERMISSION,NOT_ALLOWED_WITHOUT_PERMISSION,ALLOWED_UNMODIFIED_NONCOMMERCIAL_WITH_ATTRIBUTION,"Facts/scientific concepts may be independently restated where lawful; this does not authorize copying protected expression, tables, algorithms, figures or branded forms."
SRC-DECS,YELLOW,VOCABULARY_LICENSE,DeCS — Descritores em Ciências da Saúde,BIREME / OPAS / OMS,https://decs.bvsalud.org/,CONDITIONAL_OR_REFERENCE_ONLY,0,0,0,CONTROLLED_VOCABULARY_USE_WITH_ATTRIBUTION; NO_REPACKAGING,COMMERCIALIZATION_OF_DECS_CONTENT_PROHIBITED,NO_COMMERCIALIZATION; LICENSE_CONDITIONS_APPLY,"Facts/scientific concepts may be independently restated where lawful; this does not authorize copying protected expression, tables, algorithms, figures or branded forms."
SRC-ENA-ESI5,RED,PROPRIETARY_TRIAGE_PRODUCT,"Emergency Severity Index Handbook, 5th Edition",Emergency Nurses Association,https://www.ena.org/education/emergency-nursing-triage-education-program/triage-portfolio,CONDITIONAL_OR_REFERENCE_ONLY,73,0,0,CITATION/LINK; DO_NOT REPRODUCE ALGORITHM/BRANDED MATERIAL,LICENSE_REQUIRED,NOT_ALLOWED_WITHOUT_PERMISSION,"Existing corpus contains 73 evidence atoms from this source; downstream generative use must be blocked until permission/substitution. Facts/scientific concepts may be independently restated where lawful; this does not authorize copying protected expression, tables, algorithms, figures or branded forms."
SRC-ERC-2025,ORANGE,EDUCATIONAL_USE_FREE_COMMERCIAL_AGREEMENT,ERC Guidelines 2025,European Resuscitation Council,https://www.erc.edu/science-research/guidelines/guidelines-2025/,CONDITIONAL_OR_REFERENCE_ONLY,14,0,0,NONCOMMERCIAL EDUCATIONAL USE MAY BE ALLOWED; CHECK EACH ASSET,ERC AGREEMENT REQUIRED,EDUCATIONAL USE SUBJECT TO ERC/PUBLISHER TERMS,"Facts/scientific concepts may be independently restated where lawful; this does not authorize copying protected expression, tables, algorithms, figures or branded forms."
SRC-ESC-ACS-2023,RED,PROPRIETARY_EXPLICIT_AI_RESERVATION,2023 ESC Guidelines for the management of acute coronary syndromes,European Society of Cardiology,https://www.escardio.org/guidelines/clinical-practice-guidelines/all-esc-practice-guidelines/acute-coronary-syndromes/,CONDITIONAL_OR_REFERENCE_ONLY,13,0,0,LINK/CITATION; NO_DIRECT_REUSE,NOT_ALLOWED_WITHOUT_LICENSE,NOT_ALLOWED_WITHOUT_PERMISSION,"Existing corpus contains 13 evidence atoms from this source; downstream generative use must be blocked until permission/substitution. Facts/scientific concepts may be independently restated where lawful; this does not authorize copying protected expression, tables, algorithms, figures or branded forms."
SRC-ESC-PE-2019,RED,PROPRIETARY_EXPLICIT_AI_RESERVATION,2019 ESC Guidelines for acute pulmonary embolism,European Society of Cardiology,https://www.escardio.org/guidelines/clinical-practice-guidelines/all-esc-practice-guidelines/acute-pulmonary-embolism/,CONDITIONAL_OR_REFERENCE_ONLY,9,0,0,LINK/CITATION; NO_DIRECT_REUSE,NOT_ALLOWED_WITHOUT_LICENSE,NOT_ALLOWED_WITHOUT_PERMISSION,"Existing corpus contains 9 evidence atoms from this source; downstream generative use must be blocked until permission/substitution. Facts/scientific concepts may be independently restated where lawful; this does not authorize copying protected expression, tables, algorithms, figures or branded forms."
SRC-EU-TRAUMA-BLEED-2023,GREEN,OPEN_CC_BY,European guideline on management of major bleeding and coagulopathy following trauma — sixth edition,European Task Force for Advanced Bleeding Care in Trauma,https://pubmed.ncbi.nlm.nih.gov/36859355/,EXPORTED_FULLTEXT,1747,304,260554,ALLOWED,ALLOWED,ALLOWED_IF_LICENSE_TERMS_RETAINED,
SRC-GINA-2026,RED,PROPRIETARY_DO_NOT_COPY_DISTRIBUTE,Global Strategy for Asthma Management and Prevention — 2026 update,Global Initiative for Asthma,https://ginasthma.org/2026-gina-strategy-report/,CONDITIONAL_OR_REFERENCE_ONLY,6403,0,0,LINK/CITATION ONLY,PERMISSION REQUIRED,DO NOT REDISTRIBUTE,"Existing corpus contains 6403 evidence atoms from this source; downstream generative use must be blocked until permission/substitution. Facts/scientific concepts may be independently restated where lawful; this does not authorize copying protected expression, tables, algorithms, figures or branded forms."
SRC-GOLD-2026,ORANGE,PROPRIETARY_GUIDELINE,"Global Strategy for Prevention, Diagnosis and Management of COPD — 2026 Report",Global Initiative for Chronic Obstructive Lung Disease,https://goldcopd.org/2026-gold-report-and-pocket-guide/,CONDITIONAL_OR_REFERENCE_ONLY,7670,0,0,CITATION/LINK; INDEPENDENT SYNTHESIS ONLY,PERMISSION REVIEW REQUIRED,DO NOT REDISTRIBUTE UNLESS TERMS ALLOW,"Existing corpus contains 7670 evidence atoms from this source; downstream generative use must be blocked until permission/substitution. Facts/scientific concepts may be independently restated where lawful; this does not authorize copying protected expression, tables, algorithms, figures or branded forms."
SRC-GRADE-BOOK-2026,YELLOW,OPEN_NONCOMMERCIAL_NODERIVATIVES,GRADE Book,GRADE Working Group,https://book.gradepro.org/,CONDITIONAL_OR_REFERENCE_ONLY,0,0,0,NONCOMMERCIAL_ONLY,NOT_ALLOWED_WITHOUT_PERMISSION,ALLOWED_UNMODIFIED_NONCOMMERCIAL,"Facts/scientific concepts may be independently restated where lawful; this does not authorize copying protected expression, tables, algorithms, figures or branded forms."
SRC-ILAS-2026,YELLOW,USE_ORIGINAL_MATERIAL_NO_EDIT,Materiais e protocolo assistencial gerenciado de sepse,Instituto Latino-Americano de Sepse,https://ilas.org.br/materiais/,CONDITIONAL_OR_REFERENCE_ONLY,57,0,0,ORIGINAL_MATERIAL_WITH_SOURCE_LINK; NO_EDIT,REVIEW_REQUIRED,MATERIALS_MAY_BE_USED_ONLINE/OFFLINE_SUBJECT_TO_ILAS_NOTICE,"Facts/scientific concepts may be independently restated where lawful; this does not authorize copying protected expression, tables, algorithms, figures or branded forms."
SRC-ILCOR-COSTR-2025,RED,PUBLISHER_ALL_RIGHTS_RESERVED_AI_TDM,2025 International Consensus on CPR and ECC Science With Treatment Recommendations (CoSTR),ILCOR,https://www.ilcor.org/publications/,CONDITIONAL_OR_REFERENCE_ONLY,1504,0,0,LINK/CITATION_ONLY,LICENSE_REQUIRED,NOT_ALLOWED_WITHOUT_PERMISSION,"Existing corpus contains 1504 evidence atoms from this source; downstream generative use must be blocked until permission/substitution. Facts/scientific concepts may be independently restated where lawful; this does not authorize copying protected expression, tables, algorithms, figures or branded forms."
SRC-INOUYE-DELIRIUM-2014,ORANGE,AUTHOR_MANUSCRIPT_NOT_OPEN_LICENSED,Delirium in elderly people,Lancet / authors,https://pubmed.ncbi.nlm.nih.gov/23992774/,CONDITIONAL_OR_REFERENCE_ONLY,797,0,0,CITATION/INDEPENDENT SYNTHESIS,PERMISSION REQUIRED FOR DIRECT REUSE,DO NOT ASSUME PMC DEPOSIT GRANTS REDISTRIBUTION,"Existing corpus contains 797 evidence atoms from this source; downstream generative use must be blocked until permission/substitution. Facts/scientific concepts may be independently restated where lawful; this does not authorize copying protected expression, tables, algorithms, figures or branded forms."
SRC-INS-2024,RED,COMMERCIAL_PROFESSIONAL_STANDARD,"Infusion Therapy Standards of Practice, 9th Edition",Infusion Nurses Society,https://pubmed.ncbi.nlm.nih.gov/38211609/,CONDITIONAL_OR_REFERENCE_ONLY,0,0,0,CITATION/LINK ONLY,LICENSE REQUIRED,PROHIBITED WITHOUT LICENSE,"Facts/scientific concepts may be independently restated where lawful; this does not authorize copying protected expression, tables, algorithms, figures or branded forms."
SRC-ISMP-BR-MPP,ORANGE,RIGHTS_UNCLEAR_ADAPTED_LISTS,Medicamentos Potencialmente Perigosos — listas de referência,ISMP Brasil,https://ismp-brasil.org/medicamentos-potencialmente-perigosos/,CONDITIONAL_OR_REFERENCE_ONLY,10,0,0,CITATION/LINK; NO LIST REPRINT,PERMISSION REVIEW REQUIRED,LINK TO OFFICIAL BULLETINS,"Facts/scientific concepts may be independently restated where lawful; this does not authorize copying protected expression, tables, algorithms, figures or branded forms."
SRC-JBI-MANUAL-2026,ORANGE,RIGHTS_UNCLEAR_MANUAL,JBI Manual for Evidence Synthesis,JBI,https://jbi.global/,CONDITIONAL_OR_REFERENCE_ONLY,16,0,0,CITATION/LINK; NO DIRECT REPRODUCTION,PERMISSION REVIEW REQUIRED,LINK ONLY UNLESS LICENCE SAYS OTHERWISE,"Existing corpus contains 16 evidence atoms from this source; downstream generative use must be blocked until permission/substitution. Facts/scientific concepts may be independently restated where lawful; this does not authorize copying protected expression, tables, algorithms, figures or branded forms."
SRC-KDIGO-AKI,ORANGE,PROPRIETARY_PERMISSION_REQUIRED,Acute Kidney Injury (AKI) and Acute Kidney Disease (AKD) guideline portal,KDIGO,https://kdigo.org/guidelines/acute-kidney-injury/,CONDITIONAL_OR_REFERENCE_ONLY,4969,0,0,LINK/CITATION; NO DIRECT REUSE,PERMISSION/LICENCE REQUIRED,NOT ALLOWED WITHOUT PERMISSION,"Existing corpus contains 4969 evidence atoms from this source; downstream generative use must be blocked until permission/substitution. Facts/scientific concepts may be independently restated where lawful; this does not authorize copying protected expression, tables, algorithms, figures or branded forms."
SRC-MS-ACR-2009,YELLOW,GOV_PUBLICATION_NONCOMMERCIAL_REPRODUCTION,Acolhimento e Classificação de Risco nos Serviços de Urgência,Ministério da Saúde,https://bvsms.saude.gov.br/bvs/publicacoes/acolhimento_classificacao_risco_servicos_2009.pdf,CONDITIONAL_OR_REFERENCE_ONLY,374,0,0,NONCOMMERCIAL_ONLY_FOR_DIRECT_REUSE,NOT_FOR_SALE/COMMERCIAL_DIRECT_REUSE,ALLOWED_WITH_SOURCE_IF_NONCOMMERCIAL,"Facts/scientific concepts may be independently restated where lawful; this does not authorize copying protected expression, tables, algorithms, figures or branded forms."
SRC-MS-PCDT-AVC-2023,GREEN_CONDITIONAL,BRAZIL_NORMATIVE_PLUS_TECHNICAL_ANNEX,"PCDT — Acidente Vascular Cerebral Isquêmico Agudo, Portaria Conjunta SAES/SECTICS/MS nº 29/2023",Ministério da Saúde / CONITEC,https://www.gov.br/conitec/pt-br/assuntos/avaliacao-de-tecnologias-em-saude/protocolos-clinicos-e-diretrizes-terapeuticas/pcdt,CONDITIONAL_OR_REFERENCE_ONLY,210,0,0,ALLOWED_FOR_NORMATIVE_CONTENT,ALLOWED_FOR_UNPROTECTED_OFFICIAL_CONTENT,PREFER_LINK_TO_OFFICIAL,
SRC-MS-PECONHENTOS-2026,YELLOW,BRAZIL_GOV_TECHNICAL_PUBLICATION,Publicações e PCDTs sobre acidentes por animais peçonhentos,Ministério da Saúde,https://www.gov.br/saude/pt-br/assuntos/saude-de-a-a-z/a/animais-peconhentos/publicacoes/publicacoes,CONDITIONAL_OR_REFERENCE_ONLY,6,0,0,FACTUAL_SYNTHESIS_WITH_CITATION; DIRECT_REUSE_CONDITIONAL,DIRECT_REUSE_REVIEW_REQUIRED,LINK_PREFERRED_UNLESS_PUBLICATION_NOTICE_ALLOWS,"Facts/scientific concepts may be independently restated where lawful; this does not authorize copying protected expression, tables, algorithms, figures or branded forms."
SRC-MS-PNSP-529-2013,GREEN,BRAZIL_OFFICIAL_ACT,Portaria GM/MS nº 529/2013 — Programa Nacional de Segurança do Paciente,Ministério da Saúde,https://bvsms.saude.gov.br/bvs/saudelegis/gm/2013/prt0529_01_04_2013.html,EXPORTED_FULLTEXT,87,89,11058,ALLOWED_FOR_OFFICIAL_TEXT,ALLOWED_FOR_OFFICIAL_TEXT,ALLOWED_FOR_OFFICIAL_TEXT; PREFER_LINK_TO_OFFICIAL,"Official-text status does not extend to logos, website layout, editorial annotations or third-party assets."
SRC-MS-PORTARIA-2048-2002,GREEN,BRAZIL_OFFICIAL_ACT,Portaria GM/MS nº 2.048/2002 — Regulamento Técnico dos Sistemas Estaduais de Urgência e Emergência,Ministério da Saúde,https://bvsms.saude.gov.br/bvs/saudelegis/gm/2002/prt2048_05_11_2002.html,EXPORTED_FULLTEXT,1045,974,216736,ALLOWED_FOR_OFFICIAL_TEXT,ALLOWED_FOR_OFFICIAL_TEXT,ALLOWED_FOR_OFFICIAL_TEXT; PREFER_LINK_TO_OFFICIAL,"Official-text status does not extend to logos, website layout, editorial annotations or third-party assets."
SRC-MS-RUE-CONSOLIDATED-2026,GREEN,BRAZIL_OFFICIAL_ACT,"Portaria de Consolidação GM/MS nº 3/2017 — Anexo III, Rede de Atenção às Urgências e Emergências (texto consolidado com alterações até 2026)",Ministério da Saúde,https://bvs.saude.gov.br/bvs/saudelegis/gm/2017/prc0003_03_10_2017_comp.html,EXPORTED_FULLTEXT,9571,10062,1531405,ALLOWED_FOR_OFFICIAL_TEXT,ALLOWED_FOR_OFFICIAL_TEXT,ALLOWED_FOR_OFFICIAL_TEXT; PREFER_LINK_TO_OFFICIAL,"Official-text status does not extend to logos, website layout, editorial annotations or third-party assets."
SRC-MTS-3.8-2023,RED,PROPRIETARY_TRIAGE_SYSTEM,"Emergency Triage, 3rd Edition — Version 3.8",Manchester Triage Group / ALSG,https://www.alsg.org/home/course/section.php?id=1093&lang=pt,CONDITIONAL_OR_REFERENCE_ONLY,8,0,0,NOMINATIVE REFERENCE ONLY,LICENSE REQUIRED,PROHIBITED_WITHOUT LICENSE,"Existing corpus contains 8 evidence atoms from this source; downstream generative use must be blocked until permission/substitution. Facts/scientific concepts may be independently restated where lawful; this does not authorize copying protected expression, tables, algorithms, figures or branded forms."
SRC-NANDA-2024-2026,RED,PROPRIETARY_EXPLICIT_NO_MINING_AI,"NANDA-I Nursing Diagnoses: Definitions and Classification, 2024–2026, 13th ed.",NANDA International / INKA,https://nanda.org/nanda-book/,CONDITIONAL_OR_REFERENCE_ONLY,0,0,0,NOMINATIVE_REFERENCE_ONLY_UNLESS_LICENSED,FORMAL_LICENSE_REQUIRED,PROHIBITED_WITHOUT_LICENSE,"Facts/scientific concepts may be independently restated where lawful; this does not authorize copying protected expression, tables, algorithms, figures or branded forms."
SRC-NCBI,GREEN,OPEN_CC_BY,Nursing Skills — Chapter 5 Math Calculations,NCBI Bookshelf,https://www.ncbi.nlm.nih.gov/books/NBK593207/,OPEN_BUT_LOCAL_CONTENT_MISSING,0,0,0,ALLOWED,ALLOWED_UNDER_CC_BY,ALLOWED_UNDER_LICENSE_WITH_ATTRIBUTION,
SRC-PHTLS10,RED,COMMERCIAL_TRAINING_PRODUCT,PHTLS — 10th Edition,NAEMT,https://www.naemt.org/education/CourseDirectory,CONDITIONAL_OR_REFERENCE_ONLY,0,0,0,NOMINATIVE REFERENCE ONLY,LICENSE REQUIRED,PROHIBITED WITHOUT LICENSE,"Facts/scientific concepts may be independently restated where lawful; this does not authorize copying protected expression, tables, algorithms, figures or branded forms."
SRC-PICO-2007,YELLOW,OPEN_NONCOMMERCIAL,A estratégia PICO para a construção da pergunta de pesquisa e busca de evidências,Revista Latino-Americana de Enfermagem,https://www.scielo.br/j/rlae/a/CfKNnz8mvSqVjZ37Z77pFsy/?lang=pt,CONDITIONAL_OR_REFERENCE_ONLY,121,0,0,ONLY_IF_NONCOMMERCIAL_FOR_DIRECT_LICENSED_REUSE,NOT_ALLOWED_WITHOUT_PERMISSION,ALLOWED_NONCOMMERCIAL_UNDER_LICENSE,"Facts/scientific concepts may be independently restated where lawful; this does not authorize copying protected expression, tables, algorithms, figures or branded forms."
SRC-PRISMA-2020,GREEN,OPEN_CC_BY,PRISMA 2020 Statement,PRISMA,https://www.prisma-statement.org/prisma-2020,EXPORTED_FULLTEXT,9,10,1038,ALLOWED,ALLOWED,ALLOWED_UNDER_CC_BY,
SRC-PUBMED-IV,ORANGE,ABSTRACT_METADATA_ONLY / PAYWALLED_FULLTEXT,How to undertake intravenous infusion calculations,Nursing Standard / PubMed,https://pubmed.ncbi.nlm.nih.gov/31930888/,CONDITIONAL_OR_REFERENCE_ONLY,0,0,0,CITATION/LINK ONLY,PERMISSION REQUIRED,PROHIBITED,"Facts/scientific concepts may be independently restated where lawful; this does not authorize copying protected expression, tables, algorithms, figures or branded forms."
SRC-RCP-NEWS2,GREEN_CONDITIONAL,OPEN_WITH_NO_MODIFICATION,National Early Warning Score (NEWS) 2,Royal College of Physicians,https://rcp.ac.uk/resources/national-early-warning-score-news-2/,CONDITIONAL_OR_REFERENCE_ONLY,1740,0,0,ALLOWED_IF_CONDITIONS_MET,NOT_EXPRESSLY_RESTRICTED_BUT_NO_MODIFICATION_CONDITIONS_APPLY,ALLOWED_IF_CONDITIONS_MET,
SRC-SBAR-IHI,YELLOW,EDUCATIONAL_NONPROFIT_COPY_ONLY,SBAR Tool: Situation-Background-Assessment-Recommendation,Institute for Healthcare Improvement,https://www.ihi.org/library/tools/sbar-tool-situation-background-assessment-recommendation,CONDITIONAL_OR_REFERENCE_ONLY,18,0,0,LINK_OR_INDEPENDENT_REIMPLEMENTATION; DO_NOT_REPUBLISH_IHI_TOOL,PERMISSION_REQUIRED,NOT_FOR_COMMERCIAL/REPUBLISHING_WITHOUT_PERMISSION,"Facts/scientific concepts may be independently restated where lawful; this does not authorize copying protected expression, tables, algorithms, figures or branded forms."
SRC-SBC-ECG-2022,GREEN,OPEN_CC_BY,Diretriz sobre a Análise e Emissão de Laudos Eletrocardiográficos — 2022,Sociedade Brasileira de Cardiologia,https://abccardiol.org/article/diretriz-da-sociedade-brasileira-de-cardiologia-sobre-a-analise-e-emissao-de-laudos-eletrocardiograficos-2022/,EXPORTED_FULLTEXT,1915,2051,218619,ALLOWED,ALLOWED_UNDER_CC_BY,ALLOWED_UNDER_LICENSE,
SRC-SBC-HA-2025,GREEN,OPEN_CC_BY,Diretriz Brasileira de Hipertensão Arterial — 2025,Sociedade Brasileira de Cardiologia,https://abccardiol.org/article/diretriz-brasileira-de-hipertensao-arterial-2025/,EXPORTED_FULLTEXT,5094,5797,683200,ALLOWED,ALLOWED_UNDER_CC_BY,ALLOWED_UNDER_LICENSE,
SRC-SBD-CAD-2026,ORANGE,RIGHTS_UNCLEAR_PROFESSIONAL_GUIDELINE,Diretriz SBD 2026 — Diagnóstico e tratamento da cetoacidose diabética,Sociedade Brasileira de Diabetes,https://diretriz.diabetes.org.br/diagnostico-e-tratamento-da-cetoacidose-diabetica/,CONDITIONAL_OR_REFERENCE_ONLY,307,0,0,CITATION/INDEPENDENT SYNTHESIS ONLY,PERMISSION REVIEW REQUIRED,LINK/PDF PROVIDED BY SOURCE; DO NOT REPUBLISH,"Existing corpus contains 307 evidence atoms from this source; downstream generative use must be blocked until permission/substitution. Facts/scientific concepts may be independently restated where lawful; this does not authorize copying protected expression, tables, algorithms, figures or branded forms."
SRC-SBP-PRN-2026,RED,PROPRIETARY_EXPLICIT_NO_REPRODUCTION,Programa de Reanimação Neonatal — Diretrizes 2026,Sociedade Brasileira de Pediatria,https://www.sbp.com.br/especiais/reanimacao/,CONDITIONAL_OR_REFERENCE_ONLY,0,0,0,LINK/CITATION_ONLY,PERMISSION_REQUIRED,PROHIBITED,"Facts/scientific concepts may be independently restated where lawful; this does not authorize copying protected expression, tables, algorithms, figures or branded forms."
SRC-SBPT-GUIDELINES,ORANGE,RIGHTS_UNCLEAR_PROFESSIONAL_GUIDELINES,Consensos e Diretrizes da SBPT,Sociedade Brasileira de Pneumologia e Tisiologia,https://sbpt.org.br/portal/consensos-e-diretrizes-da-sbpt/,CONDITIONAL_OR_REFERENCE_ONLY,53,0,0,CITATION/FACTUAL SYNTHESIS; CHECK EACH ARTICLE,PERMISSION REVIEW REQUIRED,LINK ONLY UNLESS ARTICLE LICENCE ALLOWS,"Facts/scientific concepts may be independently restated where lawful; this does not authorize copying protected expression, tables, algorithms, figures or branded forms."
SRC-SEPSIS3-2016,ORANGE,AUTHOR_MANUSCRIPT_NOT_OPEN_LICENSED,The Third International Consensus Definitions for Sepsis and Septic Shock (Sepsis-3),Sepsis-3 Task Force,https://pubmed.ncbi.nlm.nih.gov/26903338/,CONDITIONAL_OR_REFERENCE_ONLY,447,0,0,CITATION/INDEPENDENT SYNTHESIS,PERMISSION REQUIRED FOR DIRECT REUSE,DO NOT ASSUME PMC DEPOSIT GRANTS REDISTRIBUTION,"Existing corpus contains 447 evidence atoms from this source; downstream generative use must be blocked until permission/substitution. Facts/scientific concepts may be independently restated where lawful; this does not authorize copying protected expression, tables, algorithms, figures or branded forms."
SRC-SQUIRE2,YELLOW,OPEN_NONCOMMERCIAL,SQUIRE 2.0 — Standards for Quality Improvement Reporting Excellence,SQUIRE,https://pubmed.ncbi.nlm.nih.gov/26369893/,CONDITIONAL_OR_REFERENCE_ONLY,196,0,0,DIRECT_REUSE_NONCOMMERCIAL_ONLY,NOT_ALLOWED_WITHOUT_PERMISSION,ALLOWED_NONCOMMERCIAL,"Facts/scientific concepts may be independently restated where lawful; this does not authorize copying protected expression, tables, algorithms, figures or branded forms."
SRC-SSC-2026,RED,ALL_RIGHTS_RESERVED_GUIDELINE,International Guidelines for Management of Sepsis and Septic Shock 2026,Surviving Sepsis Campaign / SCCM,https://sccm.org/survivingsepsiscampaign/guidelines-and-resources/surviving-sepsis-campaign-adult-guidelines,CONDITIONAL_OR_REFERENCE_ONLY,212,0,0,LINK/CITATION ONLY; NO SSC GRAPHICS/TABLES,PERMISSION REQUIRED,NOT ALLOWED WITHOUT PERMISSION,"Existing corpus contains 212 evidence atoms from this source; downstream generative use must be blocked until permission/substitution. Facts/scientific concepts may be independently restated where lawful; this does not authorize copying protected expression, tables, algorithms, figures or branded forms."
SRC-SSC-PED-2026,RED,ALL_RIGHTS_RESERVED_GUIDELINE,International Guidelines for Management of Sepsis and Septic Shock in Children 2026,Surviving Sepsis Campaign / SCCM,https://sccm.org/survivingsepsiscampaign/guidelines-and-resources/surviving-sepsis-campaign-pediatric-guidelines,CONDITIONAL_OR_REFERENCE_ONLY,131,0,0,LINK/CITATION ONLY; NO SSC GRAPHICS/TABLES,PERMISSION REQUIRED,NOT ALLOWED WITHOUT PERMISSION,"Existing corpus contains 131 evidence atoms from this source; downstream generative use must be blocked until permission/substitution. Facts/scientific concepts may be independently restated where lawful; this does not authorize copying protected expression, tables, algorithms, figures or branded forms."
SRC-TCCC-2026,GREEN_CONDITIONAL,US_GOVERNMENT_PUBLIC_DOMAIN_WITH_CAVEATS,Tactical Combat Casualty Care Guidelines — current,Joint Trauma System / CoTCCC,https://jts.health.mil/index.cfm/committees/cotccc/guidelines,CONDITIONAL_OR_REFERENCE_ONLY,0,0,0,ALLOWED_WITH_SOURCE_AND_NO_ENDORSEMENT,ALLOWED_FOR_PUBLIC_DOMAIN_ELEMENTS; THIRD_PARTY_CAVEAT,ALLOWED_FOR_CONFIRMED_PUBLIC_DOMAIN_ITEMS,
SRC-WHO-INTRAPARTUM-2018,YELLOW,WHO_OPEN_NONCOMMERCIAL_SHAREALIKE,WHO recommendations: intrapartum care for a positive childbirth experience,World Health Organization,https://www.who.int/publications/i/item/9789241550215,CONDITIONAL_OR_REFERENCE_ONLY,42,0,0,DIRECT_LICENSED_REUSE_NONCOMMERCIAL_ONLY,WHO_PERMISSION_REQUIRED,ALLOWED_NONCOMMERCIAL_WITH_ATTRIBUTION/LICENSE,"Facts/scientific concepts may be independently restated where lawful; this does not authorize copying protected expression, tables, algorithms, figures or branded forms."
SRC-WHO-MWH-2024,YELLOW,WHO_OPEN_NONCOMMERCIAL_SHAREALIKE,Medication Without Harm — policy brief e iniciativa,World Health Organization,https://www.who.int/publications/i/item/9789240062764,CONDITIONAL_OR_REFERENCE_ONLY,6,0,0,DIRECT_LICENSED_REUSE_NONCOMMERCIAL_ONLY,WHO_PERMISSION_REQUIRED,ALLOWED_NONCOMMERCIAL_WITH_ATTRIBUTION/LICENSE,"Facts/scientific concepts may be independently restated where lawful; this does not authorize copying protected expression, tables, algorithms, figures or branded forms."
SRC-WHO-PPH-2025,YELLOW,WHO_OPEN_NONCOMMERCIAL_SHAREALIKE,"Consolidated guidelines for the prevention, diagnosis and treatment of postpartum haemorrhage",World Health Organization / FIGO / ICM,https://www.who.int/publications/i/item/9789240115637,CONDITIONAL_OR_REFERENCE_ONLY,9,0,0,DIRECT_LICENSED_REUSE_NONCOMMERCIAL_ONLY,WHO_PERMISSION_REQUIRED,ALLOWED_NONCOMMERCIAL_WITH_ATTRIBUTION/LICENSE,"Facts/scientific concepts may be independently restated where lawful; this does not authorize copying protected expression, tables, algorithms, figures or branded forms."
SRC-WHO-PPH-IMPL-2026,YELLOW,WHO_OPEN_NONCOMMERCIAL_SHAREALIKE,Implementation guide — consolidated postpartum haemorrhage guidelines,World Health Organization,https://www.who.int/publications/i/item/9789240116115,CONDITIONAL_OR_REFERENCE_ONLY,22,0,0,DIRECT_LICENSED_REUSE_NONCOMMERCIAL_ONLY,WHO_PERMISSION_REQUIRED,ALLOWED_NONCOMMERCIAL_WITH_ATTRIBUTION/LICENSE,"Facts/scientific concepts may be independently restated where lawful; this does not authorize copying protected expression, tables, algorithms, figures or branded forms."
SRC-WHO-SUICIDE-2026,ORANGE,WHO_WEB_CONTENT_NOT_CONFIRMED_PUBLICATION_LICENSE,Suicide — Questions and answers / LIVE LIFE resources,World Health Organization,https://www.who.int/news-room/questions-and-answers/item/suicide,CONDITIONAL_OR_REFERENCE_ONLY,68,0,0,CITATION/LINK; NO PAGE REPRINT,PERMISSION REVIEW REQUIRED,LINK ONLY,"Facts/scientific concepts may be independently restated where lawful; this does not authorize copying protected expression, tables, algorithms, figures or branded forms."
