arquivo;backdrop_blur;drop_shadow;blur_pesado;shadow_pesado;font_inter;h1_font_sans;body_font_sans;nunito_preloads_ociosos;imgs_total;imgs_sem_lazy;imgs_sem_alt;imgs_sem_decoding
5-hs-da-paradacardiorespiratoria.html;0;0;0;0;0;1;1;0;12;0;0;0
5-ts-da-paradacardiorespiratoria.html;0;0;0;0;0;1;1;0;11;0;0;0
adequar-nr1.html;0;0;0;0;0;1;1;0;6;0;0;0
adicional-noturno.html;0;0;0;0;0;1;1;0;0;0;0;0
album_enfermagem.html;0;0;0;0;0;1;1;0;2;0;0;0
aldrete.html;0;0;0;0;0;1;1;0;0;0;0;0
apache.html;0;0;0;0;0;1;1;0;0;0;0;0
apgar.html;0;0;0;0;0;1;1;0;0;0;0;0
asa.html;0;0;0;0;0;1;1;0;0;0;0;0
ativar-admin.html;0;0;0;0;0;1;0;0;0;0;0;0
balancohidrico.html;0;0;0;0;0;1;1;0;0;0;0;0
ballard.html;0;0;0;0;0;1;1;0;0;0;0;0
barthel.html;0;0;0;0;0;1;1;0;0;0;0;0
berg.html;0;0;0;0;0;1;1;0;0;0;0;0
biblioteca-carinho-de-emergencia.html;0;0;0;0;0;1;1;0;28;0;0;0
biblioteca-cirurgica.html;0;0;0;0;0;1;1;0;20;0;0;0
biblioteca-curativo.html;0;0;0;0;0;1;1;0;0;0;0;0
biblioteca-provas.html;0;0;0;0;0;1;1;0;0;0;0;0
biblioteca-seringa.html;0;0;0;0;0;1;1;0;0;0;0;0
bishop.html;0;0;0;0;0;1;1;0;0;0;0;0
bps.html;0;0;0;0;0;1;1;0;0;0;0;0
braden.html;0;0;0;0;0;1;1;0;0;0;0;0
calculadoravacina.html;0;0;0;0;0;1;1;0;0;0;0;0
calculo-de-ferias.html;0;0;0;0;0;1;1;0;0;0;0;0
calculo-hora-extra.html;0;0;0;0;0;1;1;0;0;0;0;0
calculo-rescisao.html;0;0;0;0;0;1;1;0;0;0;0;0
cam.html;0;0;0;0;0;1;1;0;0;0;0;0
capurro.html;0;0;0;0;0;1;1;0;0;0;0;0
centro-cirurgico.html;0;0;0;0;0;1;0;0;0;0;0;0
checagem.html;0;0;0;0;0;1;1;0;12;0;0;0
checklist-cirurgico-seguro.html;0;0;0;0;0;1;1;0;0;0;0;0
cincinnati.html;0;0;0;0;0;1;1;0;0;0;0;0
classificacao_intervencoes-enfermagem.html;0;0;0;0;0;1;1;0;1;0;0;0
classificacao_wifi.html;0;0;0;0;0;1;1;0;0;0;0;0
codigo_de_etica_enfermagem.html;0;0;0;0;0;1;1;0;0;0;0;0
conteudos-do-site.html;0;0;0;0;0;1;1;0;0;0;0;0
conteudos_da_pagina.html;0;0;0;0;0;1;1;0;22;1;0;1
copsoq-curta.html;0;0;0;0;0;1;1;0;0;0;0;0
copsoq.html;0;0;0;0;0;1;1;0;0;0;0;0
copsoq3.html;0;0;0;0;0;1;1;0;0;0;0;0
cornell.html;0;0;0;0;0;1;1;0;0;0;0;0
cries.html;0;0;0;0;0;1;1;0;0;0;0;0
curb-65.html;0;0;0;0;0;1;1;0;0;0;0;0
diagnosticosnanda.html;0;0;0;0;0;1;0;0;0;0;0;0
dimensionamento-cofen.html;0;0;0;0;0;1;1;0;11;0;0;0
dimensionamento.html;0;0;0;0;0;1;1;0;0;0;0;0
downes.html;0;0;0;0;0;1;1;0;0;0;0;0
downloads.template.html;0;0;0;0;0;1;1;0;1;0;0;0
downton.html;0;0;0;0;0;1;1;0;0;0;0;0
elisabeth-marques-plataforma-completa.html;0;0;0;0;0;1;0;0;3;0;0;0
elpo.html;0;0;0;0;0;1;1;0;0;0;0;0
entenda_copsoq.html;0;0;0;0;0;1;1;0;3;0;0;0
equipamentoscc.html;0;0;0;0;0;1;1;0;15;0;0;0
escalanumerica.html;0;0;0;0;0;1;1;0;0;0;0;0
escala_de_trabalho_enfermagem_12x36.html;0;0;0;0;0;1;1;0;0;0;0;0
exames_laboratoriais.html;0;0;0;0;0;1;1;0;0;0;0;0
fale.html;0;0;0;0;0;1;1;0;0;0;0;0
fast.html;0;0;0;0;0;1;1;0;0;0;0;0
flacc.html;0;0;0;0;0;1;1;0;0;0;0;0
flashcards_quiz.html;0;0;0;0;0;1;1;0;0;0;0;0
formulario-saep-enfermagem.html;0;0;0;0;0;1;1;0;0;0;0;0
formulario_bishop.html;0;0;0;0;0;0;0;0;0;0;0;0
formulario_bps.html;0;0;0;0;0;0;0;0;0;0;0;0
formulario_cam.html;0;0;0;0;0;0;0;0;0;0;0;0
formulario_capurro.html;0;0;0;0;0;0;0;0;0;0;0;0
formulario_carrinho.html;0;0;0;0;0;1;1;0;0;0;0;0
formulario_de_fugulin.html;0;0;0;0;0;0;0;0;0;0;0;0
formulario_escala_cincinnati.html;0;0;0;0;0;0;0;0;0;0;0;0
formulario_escala_curb65.html;0;0;0;0;0;1;0;0;0;0;0;0
formulario_impresso_saep.html;0;0;0;0;0;0;0;0;0;0;0;0
formulario_impresso_sbar.html;0;0;0;0;0;0;0;0;0;0;0;0
formulario_meem.html;0;0;0;0;0;1;0;0;0;0;0;0
formulario_morse.html;0;0;0;0;0;0;0;0;0;0;0;0
forum-enfermagem.html;0;0;0;0;0;1;0;0;7;0;0;0
fotmulario_escala_de_perroca.html;0;0;0;0;0;0;0;0;0;0;0;0
four.html;0;0;0;0;0;1;1;0;0;0;0;0
fugulin.html;0;0;0;0;0;1;0;0;0;0;0;0
gasometria.html;0;0;0;0;0;1;1;0;0;0;0;0
gds.html;0;0;0;0;0;1;1;0;0;0;0;0
genogramaeecomapa.html;0;0;0;0;0;1;1;0;2;0;0;0
geradordir.html;0;0;0;0;0;1;0;0;0;0;0;0
gestacional.html;0;0;0;0;0;1;1;0;0;0;0;0
glasgow.html;0;0;0;0;0;1;1;0;0;0;0;0
gosnell.html;0;0;0;0;0;1;1;0;0;0;0;0
gotejamento.html;0;0;0;0;0;1;1;0;0;0;0;0
guia_fundamental_codigo_de_etica_enfermagem.html;0;0;0;0;0;0;1;0;1;0;0;1
guia_fundamental_processo_de_enfermagem.html;0;0;0;0;0;0;1;0;0;0;0;0
guia_rapido_desfibrilador.html;0;0;0;0;0;1;1;0;4;0;0;4
guia_rapido_dimensionamento_de_enfermagem.html;0;0;0;0;0;0;1;0;2;0;0;0
guia_rapido_dispositivos.html;0;0;0;0;0;1;1;0;13;0;0;0
guia_rapido_lei5905-73_criacao_cofen_coren.html;0;0;0;0;0;0;1;0;5;0;0;0
guia_rapido_pnab.html;0;0;0;0;0;1;1;0;0;0;0;0
guia_rapido_seringa_insulina.html;0;0;0;0;0;1;1;0;2;0;0;0
hamilton.html;0;0;0;0;0;1;1;0;0;0;0;0
header.html;0;0;0;0;0;1;0;0;0;0;0;0
hendrich.html;0;0;0;0;0;1;1;0;0;0;0;0
humpty.html;0;0;0;0;0;1;1;0;0;0;0;0
imc.html;0;0;0;0;0;1;1;0;0;0;0;0
index.html;0;0;0;0;0;1;1;0;102;0;0;0
instrumentais-cirurgicos.html;0;0;0;0;0;1;1;0;1;0;0;0
insulina.html;0;0;0;0;0;1;1;0;1;0;0;0
integracoes_calculadora_de_gasometria.html;0;0;0;0;0;1;1;0;2;0;0;0
integracoes_classificacao_wifi.html;0;0;0;0;0;1;1;0;0;0;0;0
integracoes_escala_de_fugulin.html;0;0;0;0;0;1;1;0;0;0;0;0
integracoes_escala_de_perroca.html;0;0;0;0;0;1;1;0;0;0;0;0
integracoes_metodo_de_capurro.html;0;0;0;0;0;1;1;0;1;0;0;1
item.template.html;0;0;0;0;0;1;1;0;0;0;0;0
johns.html;0;0;0;0;0;1;1;0;0;0;0;0
jouvet.html;0;0;0;0;0;1;1;0;0;0;0;0
katz.html;0;0;0;0;0;1;1;0;0;0;0;0
lachs.html;0;0;0;0;0;1;1;0;0;0;0;0
lanss.html;0;0;0;0;0;1;1;0;0;0;0;0
lawton.html;0;0;0;0;0;1;1;0;0;0;0;0
legislacoes.html;0;0;0;0;0;1;1;0;7;0;0;0
lei-organica-saude-8080-1990.html;0;0;0;0;0;0;1;0;4;0;0;0
lista-de-doencas-de-notificacao-compulsoria.html;0;0;0;0;0;1;1;0;72;0;0;0
manchester.html;0;0;0;0;0;1;1;0;0;0;0;0
mapa-do-site.html;0;0;0;0;0;1;1;0;1;0;0;0
matriz-de-risco.html;0;0;0;0;0;1;0;0;0;0;0;0
medicamentos.html;0;0;0;0;0;1;1;0;0;0;0;0
meem.html;0;0;0;0;0;1;1;0;1;0;0;0
meows.html;0;0;0;0;0;1;1;0;0;0;0;0
metasinternacionais.html;0;0;0;0;0;1;1;0;15;0;0;0
missao.html;0;0;0;0;0;1;1;0;0;0;0;0
moca.html;0;0;0;0;0;1;1;0;1;0;0;0
morse.html;0;0;0;0;0;1;1;0;0;0;0;0
nanda.html;0;0;0;0;0;1;1;0;6;0;0;0
news.html;0;0;0;0;0;1;1;0;0;0;0;0
nihss.html;0;0;0;0;0;1;1;0;0;0;0;0
nips.html;0;0;0;0;0;1;1;0;0;0;0;0
normas-regulamentadoras.html;0;0;0;0;0;1;1;0;38;0;0;0
norton.html;0;0;0;0;0;1;1;0;0;0;0;0
notificacao-compulsoria.html;0;0;0;0;0;1;1;0;1;0;0;0
nr1.html;0;0;0;0;0;1;1;0;7;0;0;0
objetivo.html;0;0;0;0;0;1;1;0;3;0;0;0
offline.html;0;0;0;0;0;1;0;0;0;0;0;0
ofras.html;0;0;0;0;0;1;1;0;0;0;0;0
painad.html;0;0;0;0;0;1;1;0;0;0;0;0
pelod.html;0;0;0;0;0;1;1;0;0;0;0;0
perroca.html;0;0;0;0;0;1;0;0;0;0;0;0
pews.html;0;0;0;0;0;1;1;0;0;0;0;0
politica.html;0;0;0;0;0;1;1;0;2;0;0;0
politicaapp.html;0;0;0;0;0;1;1;0;0;0;0;0
principios_sus.html;0;0;0;0;0;1;1;0;7;0;0;0
prism.html;0;0;0;0;0;1;1;0;0;0;0;0
qsofa.html;0;0;0;0;0;1;1;0;0;0;0;0
ramsay.html;0;0;0;0;0;1;1;0;0;0;0;0
rancholosamigos.html;0;0;0;0;0;1;1;0;0;0;0;0
rastreabilidade-cme.html;0;0;0;0;0;1;0;0;0;0;0;0
rede_de_frios_pni.html;0;0;0;0;0;0;1;0;8;0;0;8
regrasmedicacoes.html;0;0;0;0;0;1;1;0;10;0;0;0
responsbilidade_inteligencia_artificial.html;0;0;0;0;0;0;0;0;0;0;0;0
richmond.html;0;0;0;0;0;1;1;0;0;0;0;0
risktools.html;0;0;0;0;0;1;1;0;2;0;0;0
saps.html;0;0;0;0;0;1;1;0;0;0;0;0
sbar.html;0;0;0;0;0;1;1;0;0;0;0;0
silverman.html;0;0;0;0;0;1;1;0;0;0;0;0
simulado-de-enfermagem-doencas-de-notificacao-compulsoria.html;0;0;0;0;0;1;1;0;0;0;0;0
simulado-de-enfermagem-nucleo-de-seguranca-do-paciente.html;0;0;0;0;0;1;1;0;0;0;0;0
simulado-de-enfermagem.html;0;0;0;0;0;1;1;0;0;0;0;0
simulado-de-enfermagem2.html;0;0;0;0;0;1;1;0;0;0;0;0
simulado-de-enfermagem3.html;0;0;0;0;0;1;1;0;0;0;0;0
simulado-de-enfermagem4.html;0;0;0;0;0;1;1;0;0;0;0;0
simulado_bloco-operatorio.html;0;0;0;0;0;1;1;0;0;0;0;0
simulado_codigo_de_etica_enfermagem.html;0;0;0;0;0;0;1;0;0;0;0;0
simulado_ibam_bebedouro_enfermeiro_2024.html;0;0;0;0;0;1;1;0;0;0;0;0
simulado_ibam_guarulhos_enfermeiro_2024.html;0;0;0;0;0;1;1;0;0;0;0;0
simulado_ibam_guarulhos_enfermeiro_esf_2024.html;0;0;0;0;0;1;1;0;0;0;0;0
simulado_ibam_japaratuba_sergipe_enfermeiro_2014.html;0;0;0;0;0;1;1;0;0;0;0;0
simulado_lei_organica_do_sus_8080-90.html;0;0;0;0;0;0;1;0;0;0;0;0
simulado_pcr.html;0;0;0;0;0;1;1;0;0;0;0;0
simulado_vacinacao.html;0;0;0;0;0;1;1;0;0;0;0;0
sinan.html;0;0;0;0;0;1;1;0;5;0;0;0
sistema_sinbad.html;0;0;0;0;0;1;1;0;0;0;0;0
sofa.html;0;0;0;0;0;1;1;0;0;0;0;0
suporte-avancado-de-vida.html;0;0;0;0;0;1;1;0;36;0;0;0
tecnologiaverde.html;0;0;0;0;0;1;1;0;0;0;0;0
teorias-de-enfermagem.html;0;0;0;0;0;1;1;0;33;0;0;0
terminologias-de-enfermagem.html;0;0;0;0;0;1;1;0;0;0;0;0
termos.html;0;0;0;0;0;1;1;0;1;0;0;0
time-de-resposta-rapida.html;0;0;0;0;0;1;1;0;9;0;0;0
time-de-resposta-rapida_en.html;0;0;0;0;0;1;1;0;9;0;0;0
tinetti.html;0;0;0;0;0;1;1;0;0;0;0;0
tipos_de_seringas.html;0;0;0;0;0;1;1;0;8;0;0;0
vagasdeemprego.html;0;0;0;0;0;1;1;0;0;0;0;0
vigilancia.html;0;0;0;0;0;1;1;0;10;0;0;0
waterlow.html;0;0;0;0;0;1;1;0;0;0;0;0
zarit.html;0;0;0;0;0;1;1;0;0;0;0;0
en\aldrete.html;0;0;0;0;0;1;1;0;0;0;0;0
en\apache.html;0;0;0;0;0;1;1;0;0;0;0;0
en\apgar.html;0;0;0;0;0;1;1;0;0;0;0;0
en\asa.html;0;0;0;0;0;1;1;0;0;0;0;0
en\balancohidrico.html;0;0;0;0;0;1;1;0;0;0;0;0
en\ballard.html;0;0;0;0;0;1;1;0;0;0;0;0
en\barthel.html;0;0;0;0;0;1;1;0;0;0;0;0
en\berg.html;0;0;0;0;0;1;1;0;0;0;0;0
en\bishop.html;0;0;0;0;0;1;1;0;0;0;0;0
en\bps.html;0;0;0;0;0;1;1;0;0;0;0;0
en\braden.html;0;0;0;0;0;1;1;0;0;0;0;0
en\cam.html;0;0;0;0;0;1;1;0;0;0;0;0
en\capurro.html;0;0;0;0;0;1;1;0;0;0;0;0
en\checagem.html;0;0;0;0;0;1;1;0;0;0;0;0
en\cincinnati.html;0;0;0;0;0;1;1;0;0;0;0;0
en\conteudos_da_pagina.html;0;0;0;0;0;1;1;0;21;0;0;0
en\copsoq.html;0;0;0;0;0;1;1;0;0;0;0;0
en\copsoq3.html;0;0;0;0;0;1;1;0;0;0;0;0
en\cornell.html;0;0;0;0;0;1;1;0;0;0;0;0
en\cries.html;0;0;0;0;0;1;1;0;0;0;0;0
en\curb-65.html;0;0;0;0;0;1;1;0;0;0;0;0
en\diagnosticosnanda.html;0;0;0;0;0;1;0;0;0;0;0;0
en\downes.html;0;0;0;0;0;1;1;0;0;0;0;0
en\downton.html;0;0;0;0;0;1;1;0;0;0;0;0
en\elpo.html;0;0;0;0;0;1;1;0;0;0;0;0
en\entenda_copsoq.html;0;0;0;0;0;1;1;0;3;0;0;0
en\equipamentoscc.html;0;0;0;0;0;1;1;0;15;0;0;0
en\escalanumerica.html;0;0;0;0;0;1;1;0;0;0;0;0
en\escalas-de-enfermagem\centro-cirurgico\index.html;1;0;1;1;0;0;1;1;0;0;0;0
en\escalas-de-enfermagem\dor\index.html;1;0;1;1;0;0;1;1;0;0;0;0
en\escalas-de-enfermagem\funcionalidade\index.html;1;0;1;1;0;0;1;1;0;0;0;0
en\escalas-de-enfermagem\geriatria\index.html;1;0;1;1;0;0;1;1;0;0;0;0
en\escalas-de-enfermagem\gestao\index.html;1;0;1;1;0;0;1;1;0;0;0;0
en\escalas-de-enfermagem\index.html;1;0;1;1;0;0;1;1;0;0;0;0
en\escalas-de-enfermagem\lesao-por-pressao\index.html;1;0;1;1;0;0;1;1;0;0;0;0
en\escalas-de-enfermagem\neonatologia\index.html;1;0;1;1;0;0;1;1;0;0;0;0
en\escalas-de-enfermagem\neurologia\index.html;1;0;1;1;0;0;1;1;0;0;0;0
en\escalas-de-enfermagem\obstetricia\index.html;1;0;1;1;0;0;1;1;0;0;0;0
en\escalas-de-enfermagem\pneumologia\index.html;1;0;1;1;0;0;1;1;0;0;0;0
en\escalas-de-enfermagem\seguranca-do-paciente\index.html;1;0;1;1;0;0;1;1;0;0;0;0
en\escalas-de-enfermagem\terapia-intensiva\index.html;1;0;1;1;0;0;1;1;0;0;0;0
en\escalas-de-enfermagem\urgencia-emergencia\index.html;1;0;1;1;0;0;1;1;0;0;0;0
en\exames_laboratoriais.html;0;0;0;0;0;1;1;0;0;0;0;0
en\fale.html;0;0;0;0;0;1;1;0;0;0;0;0
en\fast.html;0;0;0;0;0;1;1;0;0;0;0;0
en\flacc.html;0;0;0;0;0;1;1;0;0;0;0;0
en\formulario-saep-enfermagem.html;0;0;0;0;0;1;1;0;0;0;0;0
en\forum-enfermagem.html;0;0;0;0;0;0;0;0;7;3;0;5
en\four.html;0;0;0;0;0;1;1;0;0;0;0;0
en\fugulin.html;0;0;0;0;0;1;1;0;0;0;0;0
en\gasometria.html;0;0;0;0;0;1;1;0;0;0;0;0
en\gds.html;0;0;0;0;0;1;1;0;0;0;0;0
en\gestacional.html;0;0;0;0;0;1;1;0;0;0;0;0
en\glasgow.html;0;0;0;0;0;1;1;0;0;0;0;0
en\gosnell.html;0;0;0;0;0;1;1;0;0;0;0;0
en\gotejamento.html;0;0;0;0;0;1;1;0;0;0;0;0
en\guia_rapido_dispositivos.html;0;0;0;0;0;1;1;0;13;0;0;0
en\hamilton.html;0;0;0;0;0;1;1;0;0;0;0;0
en\hendrich.html;0;0;0;0;0;1;1;0;0;0;0;0
en\humpty.html;0;0;0;0;0;1;1;0;0;0;0;0
en\imc.html;0;0;0;0;0;1;1;0;0;0;0;0
en\index.html;0;0;0;0;0;1;1;0;100;0;0;0
en\instrumentais-cirurgicos.html;0;0;0;0;0;1;1;0;161;0;0;0
en\insulina.html;0;0;0;0;0;1;1;0;1;0;0;0
en\integracoes_calculadora_de_gasometria.html;0;0;0;0;0;1;1;0;2;0;0;0
en\integracoes_classificacao_wifi.html;0;0;0;0;0;1;1;0;0;0;0;0
en\integracoes_metodo_de_capurro.html;0;0;0;0;0;1;1;0;1;0;0;1
en\johns.html;0;0;0;0;0;1;1;0;0;0;0;0
en\jouvet.html;0;0;0;0;0;1;1;0;0;0;0;0
en\katz.html;0;0;0;0;0;1;1;0;0;0;0;0
en\lachs.html;0;0;0;0;0;1;1;0;0;0;0;0
en\lanss.html;0;0;0;0;0;1;1;0;0;0;0;0
en\lawton.html;0;0;0;0;0;1;1;0;0;0;0;0
en\manchester.html;0;0;0;0;0;1;1;0;0;0;0;0
en\mapa-do-site.html;0;0;0;0;0;1;1;0;0;0;0;0
en\medicamentos.html;0;0;0;0;0;1;1;0;0;0;0;0
en\meem.html;0;0;0;0;0;1;1;0;1;0;0;0
en\meows.html;0;0;0;0;0;1;1;0;0;0;0;0
en\metasinternacionais.html;0;0;0;0;0;1;1;0;1;0;0;0
en\missao.html;0;0;0;0;0;1;1;0;0;0;0;0
en\moca.html;0;0;0;0;0;1;1;0;1;0;0;0
en\morse.html;0;0;0;0;0;1;1;0;0;0;0;0
en\nanda.html;0;0;0;0;0;1;1;0;4;0;0;0
en\news.html;0;0;0;0;0;1;1;0;0;0;0;0
en\nihss.html;0;0;0;0;0;1;1;0;0;0;0;0
en\nips.html;0;0;0;0;0;1;1;0;0;0;0;0
en\norton.html;0;0;0;0;0;1;1;0;0;0;0;0
en\objetivo.html;0;0;0;0;0;1;1;0;3;0;0;0
en\ofras.html;0;0;0;0;0;1;1;0;0;0;0;0
en\painad.html;0;0;0;0;0;1;1;0;0;0;0;0
en\pelod.html;0;0;0;0;0;1;1;0;0;0;0;0
en\perroca.html;0;0;0;0;0;1;1;0;0;0;0;0
en\pews.html;0;0;0;0;0;1;1;0;0;0;0;0
en\politica.html;0;0;0;0;0;1;1;0;2;0;0;0
en\prism.html;0;0;0;0;0;1;1;0;0;0;0;0
en\qsofa.html;0;0;0;0;0;1;1;0;0;0;0;0
en\ramsay.html;0;0;0;0;0;1;1;0;0;0;0;0
en\rancholosamigos.html;0;0;0;0;0;1;1;0;0;0;0;0
en\richmond.html;0;0;0;0;0;1;1;0;0;0;0;0
en\saps.html;0;0;0;0;0;1;1;0;0;0;0;0
en\sbar.html;0;0;0;0;0;1;1;0;0;0;0;0
en\silverman.html;0;0;0;0;0;1;1;0;0;0;0;0
en\sofa.html;0;0;0;0;0;1;1;0;0;0;0;0
en\tecnologiaverde.html;0;0;0;0;0;1;1;0;0;0;0;0
en\teorias-de-enfermagem.html;0;0;0;0;0;1;1;0;23;0;0;0
en\termos.html;0;0;0;0;0;1;1;0;1;0;0;0
en\tinetti.html;0;0;0;0;0;1;1;0;0;0;0;0
en\vigilancia.html;0;0;0;0;0;1;1;0;1;0;0;0
en\waterlow.html;0;0;0;0;0;1;1;0;0;0;0;0
en\zarit.html;0;0;0;0;0;1;1;0;0;0;0;0
es\aldrete.html;0;0;0;0;0;1;1;0;0;0;0;0
es\apache.html;0;0;0;0;0;1;1;0;0;0;0;0
es\apgar.html;0;0;0;0;0;1;1;0;0;0;0;0
es\asa.html;0;0;0;0;0;1;1;0;0;0;0;0
es\balancohidrico.html;0;0;0;0;0;1;1;0;0;0;0;0
es\ballard.html;0;0;0;0;0;1;1;0;0;0;0;0
es\barthel.html;0;0;0;0;0;1;1;0;0;0;0;0
es\berg.html;0;0;0;0;0;1;1;0;0;0;0;0
es\bishop.html;0;0;0;0;0;1;1;0;0;0;0;0
es\bps.html;0;0;0;0;0;1;1;0;0;0;0;0
es\braden.html;0;0;0;0;0;1;1;0;0;0;0;0
es\cam.html;0;0;0;0;0;1;1;0;0;0;0;0
es\capurro.html;0;0;0;0;0;1;1;0;0;0;0;0
es\cincinnati.html;0;0;0;0;0;1;1;0;0;0;0;0
es\conteudos_da_pagina.html;0;0;0;0;0;1;1;0;21;0;0;0
es\copsoq.html;0;0;0;0;0;1;1;0;0;0;0;0
es\copsoq3.html;0;0;0;0;0;1;1;0;0;0;0;0
es\cornell.html;0;0;0;0;0;1;1;0;0;0;0;0
es\cries.html;0;0;0;0;0;1;1;0;0;0;0;0
es\curb-65.html;0;0;0;0;0;1;1;0;0;0;0;0
es\diagnosticosnanda.html;0;0;0;0;0;1;0;0;0;0;0;0
es\downes.html;0;0;0;0;0;1;1;0;0;0;0;0
es\downton.html;0;0;0;0;0;1;1;0;0;0;0;0
es\elpo.html;0;0;0;0;0;1;1;0;0;0;0;0
es\equipamentoscc.html;0;0;0;0;0;1;1;0;15;0;0;0
es\escalanumerica.html;0;0;0;0;0;1;1;0;0;0;0;0
es\escalas-de-enfermagem\centro-cirurgico\index.html;1;0;1;1;0;0;1;1;0;0;0;0
es\escalas-de-enfermagem\dor\index.html;1;0;1;1;0;0;1;1;0;0;0;0
es\escalas-de-enfermagem\funcionalidade\index.html;1;0;1;1;0;0;1;1;0;0;0;0
es\escalas-de-enfermagem\geriatria\index.html;1;0;1;1;0;0;1;1;0;0;0;0
es\escalas-de-enfermagem\gestao\index.html;1;0;1;1;0;0;1;1;0;0;0;0
es\escalas-de-enfermagem\index.html;1;0;1;1;0;0;1;1;0;0;0;0
es\escalas-de-enfermagem\lesao-por-pressao\index.html;1;0;1;1;0;0;1;1;0;0;0;0
es\escalas-de-enfermagem\neonatologia\index.html;1;0;1;1;0;0;1;1;0;0;0;0
es\escalas-de-enfermagem\neurologia\index.html;1;0;1;1;0;0;1;1;0;0;0;0
es\escalas-de-enfermagem\obstetricia\index.html;1;0;1;1;0;0;1;1;0;0;0;0
es\escalas-de-enfermagem\pneumologia\index.html;1;0;1;1;0;0;1;1;0;0;0;0
es\escalas-de-enfermagem\seguranca-do-paciente\index.html;1;0;1;1;0;0;1;1;0;0;0;0
es\escalas-de-enfermagem\terapia-intensiva\index.html;1;0;1;1;0;0;1;1;0;0;0;0
es\escalas-de-enfermagem\urgencia-emergencia\index.html;1;0;1;1;0;0;1;1;0;0;0;0
es\exames_laboratoriais.html;0;0;0;0;0;1;1;0;0;0;0;0
es\fale.html;0;0;0;0;0;1;1;0;0;0;0;0
es\fast.html;0;0;0;0;0;1;1;0;0;0;0;0
es\flacc.html;0;0;0;0;0;1;1;0;0;0;0;0
es\formulario-saep-enfermagem.html;0;0;0;0;0;1;1;0;0;0;0;0
es\forum-enfermagem.html;0;0;0;0;0;0;0;0;7;3;0;5
es\four.html;0;0;0;0;0;1;1;0;0;0;0;0
es\fugulin.html;0;0;0;0;0;1;0;0;0;0;0;0
es\gasometria.html;0;0;0;0;0;1;1;0;0;0;0;0
es\gds.html;0;0;0;0;0;1;1;0;0;0;0;0
es\gestacional.html;0;0;0;0;0;1;1;0;0;0;0;0
es\glasgow.html;0;0;0;0;0;1;1;0;0;0;0;0
es\gosnell.html;0;0;0;0;0;1;1;0;0;0;0;0
es\gotejamento.html;0;0;0;0;0;1;1;0;0;0;0;0
es\guia_rapido_dispositivos.html;0;0;0;0;0;1;1;0;13;0;0;0
es\guia_rapido_seringa_insulina.html;0;0;0;0;0;1;1;0;2;0;0;0
es\hamilton.html;0;0;0;0;0;1;1;0;0;0;0;0
es\hendrich.html;0;0;0;0;0;1;1;0;0;0;0;0
es\humpty.html;0;0;0;0;0;1;1;0;0;0;0;0
es\imc.html;0;0;0;0;0;1;1;0;0;0;0;0
es\index.html;0;0;0;0;0;1;1;0;100;0;0;0
es\instrumentais-cirurgicos.html;0;0;0;0;0;1;1;0;161;0;0;0
es\insulina.html;0;0;0;0;0;1;1;0;1;0;0;0
es\integracoes_calculadora_de_gasometria.html;0;0;0;0;0;1;1;0;2;0;0;0
es\integracoes_classificacao_wifi.html;0;0;0;0;0;1;1;0;0;0;0;0
es\integracoes_metodo_de_capurro.html;0;0;0;0;0;1;1;0;1;0;0;1
es\johns.html;0;0;0;0;0;1;1;0;0;0;0;0
es\jouvet.html;0;0;0;0;0;1;1;0;0;0;0;0
es\katz.html;0;0;0;0;0;1;1;0;0;0;0;0
es\lachs.html;0;0;0;0;0;1;1;0;0;0;0;0
es\lanss.html;0;0;0;0;0;1;1;0;0;0;0;0
es\lawton.html;0;0;0;0;0;1;1;0;0;0;0;0
es\manchester.html;0;0;0;0;0;1;1;0;0;0;0;0
es\mapa-do-site.html;0;0;0;0;0;1;1;0;0;0;0;0
es\medicamentos.html;0;0;0;0;0;1;1;0;0;0;0;0
es\meem.html;0;0;0;0;0;1;1;0;1;0;0;0
es\meows.html;0;0;0;0;0;1;1;0;0;0;0;0
es\missao.html;0;0;0;0;0;1;1;0;0;0;0;0
es\moca.html;0;0;0;0;0;1;1;0;5;0;0;0
es\morse.html;0;0;0;0;0;1;1;0;0;0;0;0
es\nanda.html;0;0;0;0;0;1;1;0;4;0;0;0
es\news.html;0;0;0;0;0;1;1;0;0;0;0;0
es\nihss.html;0;0;0;0;0;1;1;0;0;0;0;0
es\nips.html;0;0;0;0;0;1;1;0;0;0;0;0
es\norton.html;0;0;0;0;0;1;1;0;0;0;0;0
es\objetivo.html;0;0;0;0;0;1;1;0;3;0;0;0
es\ofras.html;0;0;0;0;0;1;1;0;0;0;0;0
es\painad.html;0;0;0;0;0;1;1;0;0;0;0;0
es\pelod.html;0;0;0;0;0;1;1;0;0;0;0;0
es\perroca.html;0;0;0;0;0;1;1;0;0;0;0;0
es\pews.html;0;0;0;0;0;1;1;0;0;0;0;0
es\politica.html;0;0;0;0;0;1;1;0;2;0;0;0
es\prism.html;0;0;0;0;0;1;1;0;0;0;0;0
es\qsofa.html;0;0;0;0;0;1;1;0;0;0;0;0
es\ramsay.html;0;0;0;0;0;1;1;0;0;0;0;0
es\rancholosamigos.html;0;0;0;0;0;1;1;0;0;0;0;0
es\richmond.html;0;0;0;0;0;1;1;0;0;0;0;0
es\saps.html;0;0;0;0;0;1;1;0;0;0;0;0
es\sbar.html;0;0;0;0;0;1;1;0;0;0;0;0
es\silverman.html;0;0;0;0;0;1;1;0;0;0;0;0
es\sofa.html;0;0;0;0;0;1;1;0;0;0;0;0
es\tecnologiaverde.html;0;0;0;0;0;1;1;0;0;0;0;0
es\teorias-de-enfermagem.html;0;0;0;0;0;1;1;0;23;0;0;0
es\termos.html;0;0;0;0;0;1;1;0;1;0;0;0
es\time-de-resposta-rapida.html;0;0;0;0;0;1;1;0;9;0;0;0
es\tinetti.html;0;0;0;0;0;1;1;0;0;0;0;0
es\waterlow.html;0;0;0;0;0;1;1;0;0;0;0;0
es\zarit.html;0;0;0;0;0;1;1;0;0;0;0;0
de\aldrete.html;0;0;0;0;0;1;1;0;0;0;0;0
de\apache.html;0;0;0;0;0;1;1;0;0;0;0;0
de\apgar.html;0;0;0;0;0;1;1;0;0;0;0;0
de\asa.html;0;0;0;0;0;1;1;0;0;0;0;0
de\balancohidrico.html;0;0;0;0;0;1;1;0;0;0;0;0
de\ballard.html;0;0;0;0;0;1;1;0;0;0;0;0
de\barthel.html;0;0;0;0;0;1;1;0;0;0;0;0
de\berg.html;0;0;0;0;0;1;1;0;0;0;0;0
de\bishop.html;0;0;0;0;0;1;1;0;0;0;0;0
de\bps.html;0;0;0;0;0;1;1;0;0;0;0;0
de\braden.html;0;0;0;0;0;1;1;0;0;0;0;0
de\cam.html;0;0;0;0;0;1;1;0;0;0;0;0
de\capurro.html;0;0;0;0;0;1;1;0;0;0;0;0
de\cincinnati.html;0;0;0;0;0;1;1;0;0;0;0;0
de\conteudos_da_pagina.html;0;0;0;0;0;1;1;0;21;0;0;0
de\copsoq.html;0;0;0;0;0;1;1;0;0;0;0;0
de\copsoq3.html;0;0;0;0;0;1;1;0;0;0;0;0
de\cornell.html;0;0;0;0;0;1;1;0;0;0;0;0
de\cries.html;0;0;0;0;0;1;1;0;0;0;0;0
de\curb-65.html;0;0;0;0;0;1;1;0;0;0;0;0
de\der_icn-ethikkodex_fur_pflegefachpersonen.html;0;0;0;0;0;0;1;0;0;0;0;0
de\downes.html;0;0;0;0;0;1;1;0;0;0;0;0
de\downton.html;0;0;0;0;0;1;1;0;0;0;0;0
de\elpo.html;0;0;0;0;0;1;1;0;0;0;0;0
de\equipamentoscc.html;0;0;0;0;0;1;1;0;15;0;0;0
de\escalanumerica.html;0;0;0;0;0;1;1;0;0;0;0;0
de\escalas-de-enfermagem\centro-cirurgico\index.html;1;0;1;1;0;0;1;1;0;0;0;0
de\escalas-de-enfermagem\dor\index.html;1;0;1;1;0;0;1;1;0;0;0;0
de\escalas-de-enfermagem\funcionalidade\index.html;1;0;1;1;0;0;1;1;0;0;0;0
de\escalas-de-enfermagem\geriatria\index.html;1;0;1;1;0;0;1;1;0;0;0;0
de\escalas-de-enfermagem\gestao\index.html;1;0;1;1;0;0;1;1;0;0;0;0
de\escalas-de-enfermagem\index.html;1;0;1;1;0;0;1;1;0;0;0;0
de\escalas-de-enfermagem\lesao-por-pressao\index.html;1;0;1;1;0;0;1;1;0;0;0;0
de\escalas-de-enfermagem\neonatologia\index.html;1;0;1;1;0;0;1;1;0;0;0;0
de\escalas-de-enfermagem\neurologia\index.html;1;0;1;1;0;0;1;1;0;0;0;0
de\escalas-de-enfermagem\obstetricia\index.html;1;0;1;1;0;0;1;1;0;0;0;0
de\escalas-de-enfermagem\pneumologia\index.html;1;0;1;1;0;0;1;1;0;0;0;0
de\escalas-de-enfermagem\seguranca-do-paciente\index.html;1;0;1;1;0;0;1;1;0;0;0;0
de\escalas-de-enfermagem\terapia-intensiva\index.html;1;0;1;1;0;0;1;1;0;0;0;0
de\escalas-de-enfermagem\urgencia-emergencia\index.html;1;0;1;1;0;0;1;1;0;0;0;0
de\exames_laboratoriais.html;0;0;0;0;0;1;1;0;0;0;0;0
de\fale.html;0;0;0;0;0;1;1;0;0;0;0;0
de\fast.html;0;0;0;0;0;1;1;0;0;0;0;0
de\flacc.html;0;0;0;0;0;1;1;0;0;0;0;0
de\formulario-saep-enfermagem.html;0;0;0;0;0;1;1;0;0;0;0;0
de\forum-enfermagem.html;0;0;0;0;0;0;0;0;7;3;0;5
de\four.html;0;0;0;0;0;1;1;0;0;0;0;0
de\fugulin.html;0;0;0;0;0;1;1;0;0;0;0;0
de\gasometria.html;0;0;0;0;0;1;1;0;0;0;0;0
de\gds.html;0;0;0;0;0;1;1;0;0;0;0;0
de\gestacional.html;0;0;0;0;0;1;1;0;0;0;0;0
de\glasgow.html;0;0;0;0;0;1;1;0;0;0;0;0
de\gosnell.html;0;0;0;0;0;1;1;0;0;0;0;0
de\gotejamento.html;0;0;0;0;0;1;1;0;0;0;0;0
de\guia_rapido_dispositivos.html;0;0;0;0;0;1;1;0;13;0;0;0
de\guia_rapido_seringa_insulina.html;0;0;0;0;0;1;1;0;2;0;0;0
de\hamilton.html;0;0;0;0;0;1;1;0;0;0;0;0
de\hendrich.html;0;0;0;0;0;1;1;0;0;0;0;0
de\humpty.html;0;0;0;0;0;1;1;0;0;0;0;0
de\imc.html;0;0;0;0;0;1;1;0;0;0;0;0
de\index.html;0;0;0;0;0;1;1;0;100;0;0;0
de\instrumentais-cirurgicos.html;0;0;0;0;0;1;1;0;161;0;0;0
de\insulina.html;0;0;0;0;0;1;1;0;1;0;0;0
de\integracoes_calculadora_de_gasometria.html;0;0;0;0;0;1;1;0;2;0;0;0
de\integracoes_classificacao_wifi.html;0;0;0;0;0;0;0;0;0;0;0;0
de\johns.html;0;0;0;0;0;1;1;0;0;0;0;0
de\jouvet.html;0;0;0;0;0;1;1;0;0;0;0;0
de\katz.html;0;0;0;0;0;1;1;0;0;0;0;0
de\lachs.html;0;0;0;0;0;1;1;0;0;0;0;0
de\lanss.html;0;0;0;0;0;1;1;0;0;0;0;0
de\lawton.html;0;0;0;0;0;1;1;0;0;0;0;0
de\manchester.html;0;0;0;0;0;1;1;0;0;0;0;0
de\mapa-do-site.html;0;0;0;0;0;1;1;0;0;0;0;0
de\medicamentos.html;0;0;0;0;0;1;1;0;0;0;0;0
de\meem.html;0;0;0;0;0;1;1;0;1;0;0;0
de\meows.html;0;0;0;0;0;1;1;0;0;0;0;0
de\missao.html;0;0;0;0;0;1;1;0;0;0;0;0
de\moca.html;0;0;0;0;0;1;1;0;1;0;0;0
de\morse.html;0;0;0;0;0;1;1;0;0;0;0;0
de\nanda.html;0;0;0;0;0;1;1;0;4;0;0;0
de\news.html;0;0;0;0;0;1;1;0;0;0;0;0
de\nihss.html;0;0;0;0;0;1;1;0;0;0;0;0
de\nips.html;0;0;0;0;0;1;1;0;0;0;0;0
de\norton.html;0;0;0;0;0;1;1;0;0;0;0;0
de\objetivo.html;0;0;0;0;0;1;1;0;3;0;0;0
de\ofras.html;0;0;0;0;0;1;1;0;0;0;0;0
de\painad.html;0;0;0;0;0;1;1;0;0;0;0;0
de\pelod.html;0;0;0;0;0;1;1;0;0;0;0;0
de\perroca.html;0;0;0;0;0;1;1;0;0;0;0;0
de\pews.html;0;0;0;0;0;1;1;0;0;0;0;0
de\politica.html;0;0;0;0;0;1;1;0;2;0;0;0
de\prism.html;0;0;0;0;0;1;1;0;0;0;0;0
de\qsofa.html;0;0;0;0;0;1;1;0;0;0;0;0
de\ramsay.html;0;0;0;0;0;1;1;0;0;0;0;0
de\rancholosamigos.html;0;0;0;0;0;1;1;0;0;0;0;0
de\richmond.html;0;0;0;0;0;1;1;0;0;0;0;0
de\saps.html;0;0;0;0;0;1;1;0;0;0;0;0
de\sbar.html;0;0;0;0;0;1;1;0;0;0;0;0
de\silverman.html;0;0;0;0;0;1;1;0;0;0;0;0
de\sofa.html;0;0;0;0;0;1;1;0;0;0;0;0
de\tecnologiaverde.html;0;0;0;0;0;1;1;0;0;0;0;0
de\termos.html;0;0;0;0;0;1;1;0;1;0;0;0
de\tinetti.html;0;0;0;0;0;1;1;0;0;0;0;0
de\waterlow.html;0;0;0;0;0;1;1;0;0;0;0;0
de\zarit.html;0;0;0;0;0;1;1;0;0;0;0;0
it\aldrete.html;0;0;0;0;0;1;1;0;0;0;0;0
it\apache.html;0;0;0;0;0;1;1;0;0;0;0;0
it\apgar.html;0;0;0;0;0;1;1;0;0;0;0;0
it\asa.html;0;0;0;0;0;1;1;0;0;0;0;0
it\balancohidrico.html;0;0;0;0;0;1;1;0;0;0;0;0
it\ballard.html;0;0;0;0;0;1;1;0;0;0;0;0
it\barthel.html;0;0;0;0;0;1;1;0;0;0;0;0
it\berg.html;0;0;0;0;0;1;1;0;0;0;0;0
it\bishop.html;0;0;0;0;0;1;1;0;0;0;0;0
it\bps.html;0;0;0;0;0;1;1;0;0;0;0;0
it\braden.html;0;0;0;0;0;1;1;0;0;0;0;0
it\cam.html;0;0;0;0;0;1;1;0;0;0;0;0
it\capurro.html;0;0;0;0;0;1;1;0;0;0;0;0
it\cincinnati.html;0;0;0;0;0;1;1;0;0;0;0;0
it\conteudos_da_pagina.html;0;0;0;0;0;1;1;0;21;0;0;0
it\copsoq.html;0;0;0;0;0;1;1;0;0;0;0;0
it\copsoq3.html;0;0;0;0;0;1;1;0;0;0;0;0
it\cornell.html;0;0;0;0;0;1;1;0;0;0;0;0
it\cries.html;0;0;0;0;0;1;1;0;0;0;0;0
it\curb-65.html;0;0;0;0;0;1;1;0;0;0;0;0
it\downes.html;0;0;0;0;0;1;1;0;0;0;0;0
it\downton.html;0;0;0;0;0;1;1;0;0;0;0;0
it\elpo.html;0;0;0;0;0;1;1;0;0;0;0;0
it\equipamentoscc.html;0;0;0;0;0;1;1;0;15;0;0;0
it\escalanumerica.html;0;0;0;0;0;1;1;0;0;0;0;0
it\escalas-de-enfermagem\centro-cirurgico\index.html;1;0;1;1;0;0;1;1;0;0;0;0
it\escalas-de-enfermagem\dor\index.html;1;0;1;1;0;0;1;1;0;0;0;0
it\escalas-de-enfermagem\funcionalidade\index.html;1;0;1;1;0;0;1;1;0;0;0;0
it\escalas-de-enfermagem\geriatria\index.html;1;0;1;1;0;0;1;1;0;0;0;0
it\escalas-de-enfermagem\gestao\index.html;1;0;1;1;0;0;1;1;0;0;0;0
it\escalas-de-enfermagem\index.html;1;0;1;1;0;0;1;1;0;0;0;0
it\escalas-de-enfermagem\lesao-por-pressao\index.html;1;0;1;1;0;0;1;1;0;0;0;0
it\escalas-de-enfermagem\neonatologia\index.html;1;0;1;1;0;0;1;1;0;0;0;0
it\escalas-de-enfermagem\neurologia\index.html;1;0;1;1;0;0;1;1;0;0;0;0
it\escalas-de-enfermagem\obstetricia\index.html;1;0;1;1;0;0;1;1;0;0;0;0
it\escalas-de-enfermagem\pneumologia\index.html;1;0;1;1;0;0;1;1;0;0;0;0
it\escalas-de-enfermagem\seguranca-do-paciente\index.html;1;0;1;1;0;0;1;1;0;0;0;0
it\escalas-de-enfermagem\terapia-intensiva\index.html;1;0;1;1;0;0;1;1;0;0;0;0
it\escalas-de-enfermagem\urgencia-emergencia\index.html;1;0;1;1;0;0;1;1;0;0;0;0
it\exames_laboratoriais.html;0;0;0;0;0;1;1;0;0;0;0;0
it\fale.html;0;0;0;0;0;1;1;0;0;0;0;0
it\fast.html;0;0;0;0;0;1;1;0;0;0;0;0
it\flacc.html;0;0;0;0;0;1;1;0;0;0;0;0
it\formulario-saep-enfermagem.html;0;0;0;0;0;1;1;0;0;0;0;0
it\forum-enfermagem.html;0;0;0;0;0;0;0;0;7;3;0;5
it\four.html;0;0;0;0;0;1;1;0;0;0;0;0
it\fugulin.html;0;0;0;0;0;1;1;0;0;0;0;0
it\gasometria.html;0;0;0;0;0;1;1;0;0;0;0;0
it\gds.html;0;0;0;0;0;1;1;0;0;0;0;0
it\gestacional.html;0;0;0;0;0;1;1;0;0;0;0;0
it\glasgow.html;0;0;0;0;0;1;1;0;0;0;0;0
it\gosnell.html;0;0;0;0;0;1;1;0;0;0;0;0
it\gotejamento.html;0;0;0;0;0;1;1;0;0;0;0;0
it\guia_rapido_dispositivos.html;0;0;0;0;0;1;1;0;13;0;0;0
it\guia_rapido_seringa_insulina.html;0;0;0;0;0;1;1;0;2;0;0;0
it\hamilton.html;0;0;0;0;0;1;1;0;0;0;0;0
it\hendrich.html;0;0;0;0;0;1;1;0;0;0;0;0
it\humpty.html;0;0;0;0;0;1;1;0;0;0;0;0
it\imc.html;0;0;0;0;0;1;1;0;0;0;0;0
it\index.html;0;0;0;0;0;1;1;0;100;0;0;0
it\instrumentais-cirurgicos.html;0;0;0;0;0;1;1;0;161;0;0;0
it\insulina.html;0;0;0;0;0;1;1;0;1;0;0;0
it\integracoes_calculadora_de_gasometria.html;0;0;0;0;0;1;1;0;2;0;0;0
it\integracoes_classificacao_wifi.html;0;0;0;0;0;0;0;0;0;0;0;0
it\johns.html;0;0;0;0;0;1;1;0;0;0;0;0
it\jouvet.html;0;0;0;0;0;1;1;0;0;0;0;0
it\katz.html;0;0;0;0;0;1;1;0;0;0;0;0
it\lachs.html;0;0;0;0;0;1;1;0;0;0;0;0
it\lanss.html;0;0;0;0;0;1;1;0;0;0;0;0
it\lawton.html;0;0;0;0;0;1;1;0;0;0;0;0
it\manchester.html;0;0;0;0;0;1;1;0;0;0;0;0
it\medicamentos.html;0;0;0;0;0;1;1;0;0;0;0;0
it\meem.html;0;0;0;0;0;1;1;0;1;0;0;0
it\meows.html;0;0;0;0;0;1;1;0;0;0;0;0
it\missao.html;0;0;0;0;0;1;1;0;0;0;0;0
it\moca.html;0;0;0;0;0;1;1;0;1;0;0;0
it\morse.html;0;0;0;0;0;1;1;0;0;0;0;0
it\nanda.html;0;0;0;0;0;1;1;0;4;0;0;0
it\news.html;0;0;0;0;0;1;1;0;0;0;0;0
it\nihss.html;0;0;0;0;0;1;1;0;0;0;0;0
it\nips.html;0;0;0;0;0;1;1;0;0;0;0;0
it\norton.html;0;0;0;0;0;1;1;0;0;0;0;0
it\objetivo.html;0;0;0;0;0;1;1;0;3;0;0;0
it\ofras.html;0;0;0;0;0;1;1;0;0;0;0;0
it\painad.html;0;0;0;0;0;1;1;0;0;0;0;0
it\pelod.html;0;0;0;0;0;1;1;0;0;0;0;0
it\perroca.html;0;0;0;0;0;1;1;0;0;0;0;0
it\pews.html;0;0;0;0;0;1;1;0;0;0;0;0
it\politica.html;0;0;0;0;0;1;1;0;2;0;0;0
it\prism.html;0;0;0;0;0;1;1;0;0;0;0;0
it\qsofa.html;0;0;0;0;0;1;1;0;0;0;0;0
it\ramsay.html;0;0;0;0;0;1;1;0;0;0;0;0
it\rancholosamigos.html;0;0;0;0;0;1;1;0;0;0;0;0
it\richmond.html;0;0;0;0;0;1;1;0;0;0;0;0
it\saps.html;0;0;0;0;0;1;1;0;0;0;0;0
it\sbar.html;0;0;0;0;0;1;1;0;0;0;0;0
it\silverman.html;0;0;0;0;0;1;1;0;0;0;0;0
it\sofa.html;0;0;0;0;0;1;1;0;0;0;0;0
it\tecnologiaverde.html;0;0;0;0;0;1;1;0;0;0;0;0
it\termos.html;0;0;0;0;0;1;1;0;1;0;0;0
it\tinetti.html;0;0;0;0;0;1;1;0;0;0;0;0
it\waterlow.html;0;0;0;0;0;1;1;0;0;0;0;0
it\zarit.html;0;0;0;0;0;1;1;0;0;0;0;0
fr\aldrete.html;0;0;0;0;0;1;1;0;0;0;0;0
fr\apache.html;0;0;0;0;0;1;1;0;0;0;0;0
fr\apgar.html;0;0;0;0;0;1;1;0;0;0;0;0
fr\asa.html;0;0;0;0;0;1;1;0;0;0;0;0
fr\balancohidrico.html;0;0;0;0;0;1;1;0;0;0;0;0
fr\ballard.html;0;0;0;0;0;1;1;0;0;0;0;0
fr\barthel.html;0;0;0;0;0;1;1;0;0;0;0;0
fr\berg.html;0;0;0;0;0;1;1;0;0;0;0;0
fr\bishop.html;0;0;0;0;0;1;1;0;0;0;0;0
fr\bps.html;0;0;0;0;0;1;1;0;0;0;0;0
fr\braden.html;0;0;0;0;0;1;1;0;0;0;0;0
fr\cam.html;0;0;0;0;0;1;1;0;0;0;0;0
fr\capurro.html;0;0;0;0;0;1;1;0;0;0;0;0
fr\cincinnati.html;0;0;0;0;0;1;1;0;0;0;0;0
fr\conteudos_da_pagina.html;0;0;0;0;0;1;1;0;21;0;0;0
fr\copsoq.html;0;0;0;0;0;1;1;0;0;0;0;0
fr\copsoq3.html;0;0;0;0;0;1;1;0;0;0;0;0
fr\cornell.html;0;0;0;0;0;1;1;0;0;0;0;0
fr\cries.html;0;0;0;0;0;1;1;0;0;0;0;0
fr\curb-65.html;0;0;0;0;0;1;1;0;0;0;0;0
fr\downes.html;0;0;0;0;0;1;1;0;0;0;0;0
fr\downton.html;0;0;0;0;0;1;1;0;0;0;0;0
fr\elpo.html;0;0;0;0;0;1;1;0;0;0;0;0
fr\equipamentoscc.html;0;0;0;0;0;1;1;0;15;0;0;0
fr\escalanumerica.html;0;0;0;0;0;1;1;0;0;0;0;0
fr\escalas-de-enfermagem\centro-cirurgico\index.html;1;0;1;1;0;0;1;1;0;0;0;0
fr\escalas-de-enfermagem\dor\index.html;1;0;1;1;0;0;1;1;0;0;0;0
fr\escalas-de-enfermagem\funcionalidade\index.html;1;0;1;1;0;0;1;1;0;0;0;0
fr\escalas-de-enfermagem\geriatria\index.html;1;0;1;1;0;0;1;1;0;0;0;0
fr\escalas-de-enfermagem\gestao\index.html;1;0;1;1;0;0;1;1;0;0;0;0
fr\escalas-de-enfermagem\index.html;1;0;1;1;0;0;1;1;0;0;0;0
fr\escalas-de-enfermagem\lesao-por-pressao\index.html;1;0;1;1;0;0;1;1;0;0;0;0
fr\escalas-de-enfermagem\neonatologia\index.html;1;0;1;1;0;0;1;1;0;0;0;0
fr\escalas-de-enfermagem\neurologia\index.html;1;0;1;1;0;0;1;1;0;0;0;0
fr\escalas-de-enfermagem\obstetricia\index.html;1;0;1;1;0;0;1;1;0;0;0;0
fr\escalas-de-enfermagem\pneumologia\index.html;1;0;1;1;0;0;1;1;0;0;0;0
fr\escalas-de-enfermagem\seguranca-do-paciente\index.html;1;0;1;1;0;0;1;1;0;0;0;0
fr\escalas-de-enfermagem\terapia-intensiva\index.html;1;0;1;1;0;0;1;1;0;0;0;0
fr\escalas-de-enfermagem\urgencia-emergencia\index.html;1;0;1;1;0;0;1;1;0;0;0;0
fr\exames_laboratoriais.html;0;0;0;0;0;1;1;0;0;0;0;0
fr\fale.html;0;0;0;0;0;1;1;0;0;0;0;0
fr\fast.html;0;0;0;0;0;1;1;0;0;0;0;0
fr\flacc.html;0;0;0;0;0;1;1;0;0;0;0;0
fr\formulario-saep-enfermagem.html;0;0;0;0;0;1;1;0;0;0;0;0
fr\forum-enfermagem.html;0;0;0;0;0;0;0;0;7;3;0;5
fr\four.html;0;0;0;0;0;1;1;0;0;0;0;0
fr\fugulin.html;0;0;0;0;0;1;1;0;0;0;0;0
fr\gasometria.html;0;0;0;0;0;1;1;0;0;0;0;0
fr\gds.html;0;0;0;0;0;1;1;0;0;0;0;0
fr\gestacional.html;0;0;0;0;0;1;1;0;0;0;0;0
fr\glasgow.html;0;0;0;0;0;1;1;0;0;0;0;0
fr\gosnell.html;0;0;0;0;0;1;1;0;0;0;0;0
fr\gotejamento.html;0;0;0;0;0;1;1;0;0;0;0;0
fr\guia_rapido_dispositivos.html;0;0;0;0;0;0;0;0;15;0;0;0
fr\guia_rapido_seringa_insulina.html;0;0;0;0;0;1;1;0;2;0;0;0
fr\hamilton.html;0;0;0;0;0;1;1;0;0;0;0;0
fr\hendrich.html;0;0;0;0;0;1;1;0;0;0;0;0
fr\humpty.html;0;0;0;0;0;1;1;0;0;0;0;0
fr\imc.html;0;0;0;0;0;1;1;0;0;0;0;0
fr\index.html;0;0;0;0;0;1;1;0;100;0;0;0
fr\instrumentais-cirurgicos.html;0;0;0;0;0;1;1;0;161;0;0;0
fr\insulina.html;0;0;0;0;0;1;1;0;1;0;0;0
fr\integracoes_calculadora_de_gasometria.html;0;0;0;0;0;1;1;0;2;0;0;0
fr\integracoes_classificacao_wifi.html;0;0;0;0;0;1;1;0;0;0;0;0
fr\johns.html;0;0;0;0;0;1;1;0;0;0;0;0
fr\jouvet.html;0;0;0;0;0;1;1;0;0;0;0;0
fr\katz.html;0;0;0;0;0;1;1;0;0;0;0;0
fr\lachs.html;0;0;0;0;0;1;1;0;0;0;0;0
fr\lanss.html;0;0;0;0;0;1;1;0;0;0;0;0
fr\lawton.html;0;0;0;0;0;1;1;0;0;0;0;0
fr\manchester.html;0;0;0;0;0;1;1;0;0;0;0;0
fr\mapa-do-site.html;0;0;0;0;0;1;1;0;0;0;0;0
fr\medicamentos.html;0;0;0;0;0;1;1;0;0;0;0;0
fr\meem.html;0;0;0;0;0;1;1;0;1;0;0;0
fr\meows.html;0;0;0;0;0;1;1;0;0;0;0;0
fr\missao.html;0;0;0;0;0;1;1;0;0;0;0;0
fr\moca.html;0;0;0;0;0;1;1;0;1;0;0;0
fr\morse.html;0;0;0;0;0;1;1;0;0;0;0;0
fr\nanda.html;0;0;0;0;0;1;1;0;4;0;0;0
fr\news.html;0;0;0;0;0;1;1;0;0;0;0;0
fr\nihss.html;0;0;0;0;0;1;1;0;0;0;0;0
fr\nips.html;0;0;0;0;0;1;1;0;0;0;0;0
fr\norton.html;0;0;0;0;0;1;1;0;0;0;0;0
fr\objetivo.html;0;0;0;0;0;1;1;0;3;0;0;0
fr\ofras.html;0;0;0;0;0;1;1;0;0;0;0;0
fr\painad.html;0;0;0;0;0;1;1;0;0;0;0;0
fr\pelod.html;0;0;0;0;0;1;1;0;0;0;0;0
fr\perroca.html;0;0;0;0;0;1;1;0;0;0;0;0
fr\pews.html;0;0;0;0;0;1;1;0;0;0;0;0
fr\politica.html;0;0;0;0;0;1;1;0;2;0;0;0
fr\prism.html;0;0;0;0;0;1;1;0;0;0;0;0
fr\qsofa.html;0;0;0;0;0;1;1;0;0;0;0;0
fr\ramsay.html;0;0;0;0;0;1;1;0;0;0;0;0
fr\rancholosamigos.html;0;0;0;0;0;1;1;0;0;0;0;0
fr\richmond.html;0;0;0;0;0;1;1;0;0;0;0;0
fr\saps.html;0;0;0;0;0;1;1;0;0;0;0;0
fr\sbar.html;0;0;0;0;0;1;1;0;0;0;0;0
fr\silverman.html;0;0;0;0;0;1;1;0;0;0;0;0
fr\sofa.html;0;0;0;0;0;1;1;0;0;0;0;0
fr\tecnologiaverde.html;0;0;0;0;0;1;1;0;0;0;0;0
fr\termos.html;0;0;0;0;0;1;1;0;1;0;0;0
fr\tinetti.html;0;0;0;0;0;1;1;0;0;0;0;0
fr\waterlow.html;0;0;0;0;0;1;1;0;0;0;0;0
fr\zarit.html;0;0;0;0;0;1;1;0;0;0;0;0
hi\aldrete.html;0;0;0;0;0;1;1;0;0;0;0;0
hi\apache.html;0;0;0;0;0;1;1;0;0;0;0;0
hi\apgar.html;0;0;0;0;0;1;1;0;0;0;0;0
hi\asa.html;0;0;0;0;0;1;1;0;0;0;0;0
hi\balancohidrico.html;0;0;0;0;0;1;1;0;0;0;0;0
hi\ballard.html;0;0;0;0;0;1;1;0;0;0;0;0
hi\barthel.html;0;0;0;0;0;1;1;0;0;0;0;0
hi\berg.html;0;0;0;0;0;1;1;0;0;0;0;0
hi\bishop.html;0;0;0;0;0;1;1;0;0;0;0;0
hi\bps.html;0;0;0;0;0;1;1;0;0;0;0;0
hi\braden.html;0;0;0;0;0;1;1;0;0;0;0;0
hi\cam.html;0;0;0;0;0;1;1;0;0;0;0;0
hi\capurro.html;0;0;0;0;0;1;1;0;0;0;0;0
hi\cincinnati.html;0;0;0;0;0;1;1;0;0;0;0;0
hi\conteudos_da_pagina.html;0;0;0;0;0;1;1;0;21;0;0;0
hi\copsoq.html;0;0;0;0;0;1;1;0;0;0;0;0
hi\copsoq3.html;0;0;0;0;0;1;1;0;0;0;0;0
hi\cornell.html;0;0;0;0;0;1;1;0;0;0;0;0
hi\cries.html;0;0;0;0;0;1;1;0;0;0;0;0
hi\curb-65.html;0;0;0;0;0;1;1;0;0;0;0;0
hi\downes.html;0;0;0;0;0;1;1;0;0;0;0;0
hi\downton.html;0;0;0;0;0;1;1;0;0;0;0;0
hi\elpo.html;0;0;0;0;0;1;1;0;0;0;0;0
hi\equipamentoscc.html;0;0;0;0;0;1;1;0;15;0;0;0
hi\escalanumerica.html;0;0;0;0;0;1;1;0;0;0;0;0
hi\escalas-de-enfermagem\centro-cirurgico\index.html;1;0;1;1;0;0;1;0;0;0;0;0
hi\escalas-de-enfermagem\dor\index.html;1;0;1;1;0;0;1;0;0;0;0;0
hi\escalas-de-enfermagem\funcionalidade\index.html;1;0;1;1;0;0;1;0;0;0;0;0
hi\escalas-de-enfermagem\geriatria\index.html;1;0;1;1;0;0;1;0;0;0;0;0
hi\escalas-de-enfermagem\gestao\index.html;1;0;1;1;0;0;1;0;0;0;0;0
hi\escalas-de-enfermagem\index.html;1;0;1;1;0;0;1;0;0;0;0;0
hi\escalas-de-enfermagem\lesao-por-pressao\index.html;1;0;1;1;0;0;1;0;0;0;0;0
hi\escalas-de-enfermagem\neonatologia\index.html;1;0;1;1;0;0;1;0;0;0;0;0
hi\escalas-de-enfermagem\neurologia\index.html;1;0;1;1;0;0;1;0;0;0;0;0
hi\escalas-de-enfermagem\obstetricia\index.html;1;0;1;1;0;0;1;0;0;0;0;0
hi\escalas-de-enfermagem\pneumologia\index.html;1;0;1;1;0;0;1;0;0;0;0;0
hi\escalas-de-enfermagem\seguranca-do-paciente\index.html;1;0;1;1;0;0;1;0;0;0;0;0
hi\escalas-de-enfermagem\terapia-intensiva\index.html;1;0;1;1;0;0;1;0;0;0;0;0
hi\escalas-de-enfermagem\urgencia-emergencia\index.html;1;0;1;1;0;0;1;0;0;0;0;0
hi\exames_laboratoriais.html;0;0;0;0;0;1;1;0;0;0;0;0
hi\fale.html;0;0;0;0;0;1;1;0;0;0;0;0
hi\fast.html;0;0;0;0;0;1;1;0;0;0;0;0
hi\flacc.html;0;0;0;0;0;1;1;0;0;0;0;0
hi\formulario-saep-enfermagem.html;0;0;0;0;0;1;1;0;0;0;0;0
hi\forum-enfermagem.html;0;0;0;0;0;0;0;0;7;3;0;5
hi\four.html;0;0;0;0;0;1;1;0;0;0;0;0
hi\fugulin.html;0;0;0;0;0;1;1;0;0;0;0;0
hi\gasometria.html;0;0;0;0;0;1;1;0;0;0;0;0
hi\gds.html;0;0;0;0;0;1;1;0;0;0;0;0
hi\gestacional.html;0;0;0;0;0;1;1;0;0;0;0;0
hi\glasgow.html;0;0;0;0;0;1;1;0;0;0;0;0
hi\gosnell.html;0;0;0;0;0;1;1;0;0;0;0;0
hi\gotejamento.html;0;0;0;0;0;1;1;0;0;0;0;0
hi\guia_rapido_dispositivos.html;0;0;0;0;0;1;1;0;13;0;0;0
hi\guia_rapido_seringa_insulina.html;0;0;0;0;0;1;1;0;2;0;0;0
hi\hamilton.html;0;0;0;0;0;1;1;0;0;0;0;0
hi\hendrich.html;0;0;0;0;0;1;1;0;0;0;0;0
hi\humpty.html;0;0;0;0;0;1;1;0;0;0;0;0
hi\imc.html;0;0;0;0;0;1;1;0;0;0;0;0
hi\index.html;0;0;0;0;0;1;1;0;100;0;0;0
hi\instrumentais-cirurgicos.html;0;0;0;0;0;1;1;0;161;0;0;0
hi\insulina.html;0;0;0;0;0;1;1;0;1;0;0;0
hi\integracoes_calculadora_de_gasometria.html;0;0;0;0;0;1;1;0;2;0;0;0
hi\integracoes_classificacao_wifi.html;0;0;0;0;0;1;1;0;0;0;0;0
hi\johns.html;0;0;0;0;0;1;1;0;0;0;0;0
hi\jouvet.html;0;0;0;0;0;1;1;0;0;0;0;0
hi\katz.html;0;0;0;0;0;1;1;0;0;0;0;0
hi\lachs.html;0;0;0;0;0;1;1;0;0;0;0;0
hi\lanss.html;0;0;0;0;0;1;1;0;0;0;0;0
hi\lawton.html;0;0;0;0;0;1;1;0;0;0;0;0
hi\manchester.html;0;0;0;0;0;1;1;0;0;0;0;0
hi\mapa-do-site.html;0;0;0;0;0;1;1;0;0;0;0;0
hi\medicamentos.html;0;0;0;0;0;1;1;0;3;0;0;0
hi\meem.html;0;0;0;0;0;1;1;0;1;0;0;0
hi\meows.html;0;0;0;0;0;1;1;0;0;0;0;0
hi\missao.html;0;0;0;0;0;1;1;0;0;0;0;0
hi\moca.html;0;0;0;0;0;1;1;0;1;0;0;0
hi\morse.html;0;0;0;0;0;1;1;0;0;0;0;0
hi\nanda.html;0;0;0;0;0;1;1;0;4;0;0;0
hi\news.html;0;0;0;0;0;1;1;0;0;0;0;0
hi\nihss.html;0;0;0;0;0;1;1;0;0;0;0;0
hi\nips.html;0;0;0;0;0;1;1;0;0;0;0;0
hi\norton.html;0;0;0;0;0;1;1;0;0;0;0;0
hi\objetivo.html;0;0;0;0;0;1;1;0;0;0;0;0
hi\ofras.html;0;0;0;0;0;1;1;0;0;0;0;0
hi\painad.html;0;0;0;0;0;1;1;0;0;0;0;0
hi\pelod.html;0;0;0;0;0;1;1;0;0;0;0;0
hi\perroca.html;0;0;0;0;0;1;1;0;0;0;0;0
hi\pews.html;0;0;0;0;0;1;1;0;0;0;0;0
hi\politica.html;0;0;0;0;0;1;1;0;2;0;0;0
hi\prism.html;0;0;0;0;0;1;1;0;0;0;0;0
hi\qsofa.html;0;0;0;0;0;1;1;0;0;0;0;0
hi\ramsay.html;0;0;0;0;0;1;1;0;0;0;0;0
hi\rancholosamigos.html;0;0;0;0;0;1;1;0;0;0;0;0
hi\richmond.html;0;0;0;0;0;1;1;0;0;0;0;0
hi\saps.html;0;0;0;0;0;1;1;0;0;0;0;0
hi\sbar.html;0;0;0;0;0;1;1;0;0;0;0;0
hi\silverman.html;0;0;0;0;0;1;1;0;0;0;0;0
hi\sofa.html;0;0;0;0;0;1;1;0;0;0;0;0
hi\tecnologiaverde.html;0;0;0;0;0;1;1;0;0;0;0;0
hi\termos.html;0;0;0;0;0;1;1;0;1;0;0;0
hi\tinetti.html;0;0;0;0;0;1;1;0;0;0;0;0
hi\waterlow.html;0;0;0;0;0;1;1;0;0;0;0;0
hi\zarit.html;0;0;0;0;0;1;1;0;0;0;0;0
zh\aldrete.html;0;0;0;0;0;1;1;0;0;0;0;0
zh\apache.html;0;0;0;0;0;1;1;0;0;0;0;0
zh\apgar.html;0;0;0;0;0;1;1;0;0;0;0;0
zh\asa.html;0;0;0;0;0;1;1;0;0;0;0;0
zh\balancohidrico.html;0;0;0;0;0;1;1;0;0;0;0;0
zh\ballard.html;0;0;0;0;0;1;1;0;0;0;0;0
zh\barthel.html;0;0;0;0;0;1;1;0;0;0;0;0
zh\berg.html;0;0;0;0;0;1;1;0;0;0;0;0
zh\bishop.html;0;0;0;0;0;1;1;0;0;0;0;0
zh\bps.html;0;0;0;0;0;1;1;0;0;0;0;0
zh\braden.html;0;0;0;0;0;1;1;0;0;0;0;0
zh\cam.html;0;0;0;0;0;1;1;0;0;0;0;0
zh\capurro.html;0;0;0;0;0;1;1;0;0;0;0;0
zh\cincinnati.html;0;0;0;0;0;1;1;0;0;0;0;0
zh\conteudos_da_pagina.html;0;0;0;0;0;1;1;0;21;0;0;0
zh\copsoq.html;0;0;0;0;0;1;1;0;0;0;0;0
zh\copsoq3.html;0;0;0;0;0;1;1;0;0;0;0;0
zh\cornell.html;0;0;0;0;0;1;1;0;0;0;0;0
zh\cries.html;0;0;0;0;0;1;1;0;0;0;0;0
zh\curb-65.html;0;0;0;0;0;1;1;0;0;0;0;0
zh\downes.html;0;0;0;0;0;1;1;0;0;0;0;0
zh\downton.html;0;0;0;0;0;1;1;0;0;0;0;0
zh\elpo.html;0;0;0;0;0;1;1;0;0;0;0;0
zh\equipamentoscc.html;0;0;0;0;0;1;1;0;15;0;0;0
zh\escalanumerica.html;0;0;0;0;0;1;1;0;0;0;0;0
zh\escalas-de-enfermagem\centro-cirurgico\index.html;1;0;1;1;0;0;1;0;0;0;0;0
zh\escalas-de-enfermagem\dor\index.html;1;0;1;1;0;0;1;0;0;0;0;0
zh\escalas-de-enfermagem\funcionalidade\index.html;1;0;1;1;0;0;1;0;0;0;0;0
zh\escalas-de-enfermagem\geriatria\index.html;1;0;1;1;0;0;1;0;0;0;0;0
zh\escalas-de-enfermagem\gestao\index.html;1;0;1;1;0;0;1;0;0;0;0;0
zh\escalas-de-enfermagem\index.html;1;0;1;1;0;0;1;0;0;0;0;0
zh\escalas-de-enfermagem\lesao-por-pressao\index.html;1;0;1;1;0;0;1;0;0;0;0;0
zh\escalas-de-enfermagem\neonatologia\index.html;1;0;1;1;0;0;1;0;0;0;0;0
zh\escalas-de-enfermagem\neurologia\index.html;1;0;1;1;0;0;1;0;0;0;0;0
zh\escalas-de-enfermagem\obstetricia\index.html;1;0;1;1;0;0;1;0;0;0;0;0
zh\escalas-de-enfermagem\pneumologia\index.html;1;0;1;1;0;0;1;0;0;0;0;0
zh\escalas-de-enfermagem\seguranca-do-paciente\index.html;1;0;1;1;0;0;1;0;0;0;0;0
zh\escalas-de-enfermagem\terapia-intensiva\index.html;1;0;1;1;0;0;1;0;0;0;0;0
zh\escalas-de-enfermagem\urgencia-emergencia\index.html;1;0;1;1;0;0;1;0;0;0;0;0
zh\exames_laboratoriais.html;0;0;0;0;0;1;1;0;0;0;0;0
zh\fale.html;0;0;0;0;0;1;1;0;0;0;0;0
zh\fast.html;0;0;0;0;0;1;1;0;0;0;0;0
zh\flacc.html;0;0;0;0;0;1;1;0;0;0;0;0
zh\formulario-saep-enfermagem.html;0;0;0;0;0;1;1;0;0;0;0;0
zh\forum-enfermagem.html;0;0;0;0;0;0;0;0;7;3;0;5
zh\four.html;0;0;0;0;0;1;1;0;0;0;0;0
zh\fugulin.html;0;0;0;0;0;1;1;0;0;0;0;0
zh\gasometria.html;0;0;0;0;0;1;1;0;0;0;0;0
zh\gds.html;0;0;0;0;0;1;1;0;0;0;0;0
zh\gestacional.html;0;0;0;0;0;1;1;0;0;0;0;0
zh\glasgow.html;0;0;0;0;0;1;1;0;0;0;0;0
zh\gosnell.html;0;0;0;0;0;1;1;0;0;0;0;0
zh\gotejamento.html;0;0;0;0;0;1;1;0;0;0;0;0
zh\guia_rapido_dispositivos.html;0;0;0;0;0;1;1;0;13;0;0;0
zh\guia_rapido_seringa_insulina.html;0;0;0;0;0;1;1;0;2;0;0;0
zh\hamilton.html;0;0;0;0;0;1;1;0;0;0;0;0
zh\hendrich.html;0;0;0;0;0;1;1;0;0;0;0;0
zh\humpty.html;0;0;0;0;0;1;1;0;0;0;0;0
zh\imc.html;0;0;0;0;0;1;1;0;0;0;0;0
zh\index.html;0;0;0;0;0;1;1;0;100;0;0;0
zh\instrumentais-cirurgicos.html;0;0;0;0;0;1;1;0;161;0;0;0
zh\insulina.html;0;0;0;0;0;1;1;0;1;0;0;0
zh\integracoes_calculadora_de_gasometria.html;0;0;0;0;0;1;1;0;2;0;0;0
zh\integracoes_classificacao_wifi.html;0;0;0;0;0;1;1;0;0;0;0;0
zh\johns.html;0;0;0;0;0;1;1;0;0;0;0;0
zh\jouvet.html;0;0;0;0;0;1;1;0;0;0;0;0
zh\katz.html;0;0;0;0;0;1;1;0;0;0;0;0
zh\lachs.html;0;0;0;0;0;1;1;0;0;0;0;0
zh\lanss.html;0;0;0;0;0;1;1;0;0;0;0;0
zh\lawton.html;0;0;0;0;0;1;1;0;0;0;0;0
zh\manchester.html;0;0;0;0;0;1;1;0;0;0;0;0
zh\mapa-do-site.html;0;0;0;0;0;1;1;0;0;0;0;0
zh\medicamentos.html;0;0;0;0;0;1;1;0;0;0;0;0
zh\meem.html;0;0;0;0;0;1;1;0;1;0;0;0
zh\meows.html;0;0;0;0;0;1;1;0;0;0;0;0
zh\missao.html;0;0;0;0;0;1;1;0;0;0;0;0
zh\moca.html;0;0;0;0;0;1;1;0;1;0;0;0
zh\morse.html;0;0;0;0;0;1;1;0;0;0;0;0
zh\nanda.html;0;0;0;0;0;1;1;0;4;0;0;0
zh\news.html;0;0;0;0;0;1;1;0;0;0;0;0
zh\nihss.html;0;0;0;0;0;1;1;0;0;0;0;0
zh\nips.html;0;0;0;0;0;1;1;0;0;0;0;0
zh\norton.html;0;0;0;0;0;1;1;0;0;0;0;0
zh\objetivo.html;0;0;0;0;0;1;1;0;3;0;0;0
zh\ofras.html;0;0;0;0;0;1;1;0;0;0;0;0
zh\painad.html;0;0;0;0;0;1;1;0;0;0;0;0
zh\pelod.html;0;0;0;0;0;1;1;0;0;0;0;0
zh\perroca.html;0;0;0;0;0;1;1;0;0;0;0;0
zh\pews.html;0;0;0;0;0;1;1;0;0;0;0;0
zh\politica.html;0;0;0;0;0;1;1;0;2;0;0;0
zh\prism.html;0;0;0;0;0;1;1;0;0;0;0;0
zh\qsofa.html;0;0;0;0;0;1;1;0;0;0;0;0
zh\ramsay.html;0;0;0;0;0;1;1;0;0;0;0;0
zh\rancholosamigos.html;0;0;0;0;0;1;1;0;0;0;0;0
zh\richmond.html;0;0;0;0;0;1;1;0;0;0;0;0
zh\saps.html;0;0;0;0;0;1;1;0;0;0;0;0
zh\sbar.html;0;0;0;0;0;1;1;0;0;0;0;0
zh\silverman.html;0;0;0;0;0;1;1;0;0;0;0;0
zh\sofa.html;0;0;0;0;0;1;1;0;0;0;0;0
zh\tecnologiaverde.html;0;0;0;0;0;1;1;0;0;0;0;0
zh\termos.html;0;0;0;0;0;1;1;0;1;0;0;0
zh\tinetti.html;0;0;0;0;0;1;1;0;0;0;0;0
zh\waterlow.html;0;0;0;0;0;1;1;0;0;0;0;0
zh\zarit.html;0;0;0;0;0;1;1;0;0;0;0;0
ar\aldrete.html;0;0;0;0;0;1;1;0;0;0;0;0
ar\apache.html;0;0;0;0;0;1;1;0;0;0;0;0
ar\apgar.html;0;0;0;0;0;1;1;0;0;0;0;0
ar\asa.html;0;0;0;0;0;1;1;0;0;0;0;0
ar\balancohidrico.html;0;0;0;0;0;1;1;0;0;0;0;0
ar\ballard.html;0;0;0;0;0;1;1;0;0;0;0;0
ar\barthel.html;0;0;0;0;0;1;1;0;0;0;0;0
ar\berg.html;0;0;0;0;0;1;1;0;0;0;0;0
ar\bishop.html;0;0;0;0;0;1;1;0;0;0;0;0
ar\bps.html;0;0;0;0;0;1;1;0;0;0;0;0
ar\braden.html;0;0;0;0;0;1;1;0;0;0;0;0
ar\cam.html;0;0;0;0;0;1;1;0;0;0;0;0
ar\capurro.html;0;0;0;0;0;1;1;0;0;0;0;0
ar\cincinnati.html;0;0;0;0;0;1;1;0;0;0;0;0
ar\conteudos_da_pagina.html;0;0;0;0;0;1;1;0;21;0;0;0
ar\copsoq.html;0;0;0;0;0;1;1;0;0;0;0;0
ar\copsoq3.html;0;0;0;0;0;1;1;0;0;0;0;0
ar\cornell.html;0;0;0;0;0;1;1;0;0;0;0;0
ar\cries.html;0;0;0;0;0;1;1;0;0;0;0;0
ar\curb-65.html;0;0;0;0;0;1;1;0;0;0;0;0
ar\downes.html;0;0;0;0;0;1;1;0;0;0;0;0
ar\downton.html;0;0;0;0;0;1;1;0;0;0;0;0
ar\elpo.html;0;0;0;0;0;1;1;0;0;0;0;0
ar\equipamentoscc.html;0;0;0;0;0;1;1;0;15;0;0;0
ar\escalanumerica.html;0;0;0;0;0;1;1;0;0;0;0;0
ar\escalas-de-enfermagem\centro-cirurgico\index.html;0;0;0;0;0;1;1;0;0;0;0;0
ar\escalas-de-enfermagem\dor\index.html;0;0;0;0;0;1;1;0;0;0;0;0
ar\escalas-de-enfermagem\funcionalidade\index.html;0;0;0;0;0;1;1;0;0;0;0;0
ar\escalas-de-enfermagem\geriatria\index.html;0;0;0;0;0;1;1;0;0;0;0;0
ar\escalas-de-enfermagem\gestao\index.html;0;0;0;0;0;1;1;0;0;0;0;0
ar\escalas-de-enfermagem\index.html;0;0;0;0;0;1;1;0;0;0;0;0
ar\escalas-de-enfermagem\lesao-por-pressao\index.html;0;0;0;0;0;1;1;0;0;0;0;0
ar\escalas-de-enfermagem\neonatologia\index.html;0;0;0;0;0;1;1;0;0;0;0;0
ar\escalas-de-enfermagem\neurologia\index.html;0;0;0;0;0;1;1;0;0;0;0;0
ar\escalas-de-enfermagem\obstetricia\index.html;0;0;0;0;0;1;1;0;0;0;0;0
ar\escalas-de-enfermagem\pneumologia\index.html;0;0;0;0;0;1;1;0;0;0;0;0
ar\escalas-de-enfermagem\seguranca-do-paciente\index.html;0;0;0;0;0;1;1;0;0;0;0;0
ar\escalas-de-enfermagem\terapia-intensiva\index.html;0;0;0;0;0;1;1;0;0;0;0;0
ar\escalas-de-enfermagem\urgencia-emergencia\index.html;0;0;0;0;0;1;1;0;0;0;0;0
ar\exames_laboratoriais.html;0;0;0;0;0;1;1;0;0;0;0;0
ar\fale.html;0;0;0;0;0;1;1;0;0;0;0;0
ar\fast.html;0;0;0;0;0;1;1;0;0;0;0;0
ar\flacc.html;0;0;0;0;0;1;1;0;0;0;0;0
ar\formulario-saep-enfermagem.html;0;0;0;0;0;1;1;0;0;0;0;0
ar\forum-enfermagem.html;0;0;0;0;0;0;0;0;7;3;0;5
ar\four.html;0;0;0;0;0;1;1;0;0;0;0;0
ar\fugulin.html;0;0;0;0;0;1;1;0;0;0;0;0
ar\gasometria.html;0;0;0;0;0;1;1;0;0;0;0;0
ar\gds.html;0;0;0;0;0;1;1;0;0;0;0;0
ar\gestacional.html;0;0;0;0;0;1;1;0;0;0;0;0
ar\glasgow.html;0;0;0;0;0;1;1;0;0;0;0;0
ar\gosnell.html;0;0;0;0;0;1;1;0;0;0;0;0
ar\gotejamento.html;0;0;0;0;0;1;1;0;0;0;0;0
ar\guia_rapido_dispositivos.html;0;0;0;0;0;1;1;0;13;0;0;0
ar\guia_rapido_seringa_insulina.html;0;0;0;0;0;1;1;0;2;0;0;0
ar\hamilton.html;0;0;0;0;0;1;1;0;0;0;0;0
ar\hendrich.html;0;0;0;0;0;1;1;0;0;0;0;0
ar\humpty.html;0;0;0;0;0;1;1;0;0;0;0;0
ar\imc.html;0;0;0;0;0;1;1;0;0;0;0;0
ar\index.html;0;0;0;0;0;1;1;0;100;0;0;0
ar\instrumentais-cirurgicos.html;0;0;0;0;0;1;1;0;161;0;0;0
ar\insulina.html;0;0;0;0;0;1;1;0;1;0;0;0
ar\integracoes_calculadora_de_gasometria.html;0;0;0;0;0;1;1;0;2;0;0;0
ar\integracoes_classificacao_wifi.html;0;0;0;0;0;1;1;0;0;0;0;0
ar\johns.html;0;0;0;0;0;1;1;0;0;0;0;0
ar\jouvet.html;0;0;0;0;0;1;1;0;0;0;0;0
ar\katz.html;0;0;0;0;0;1;1;0;0;0;0;0
ar\lachs.html;0;0;0;0;0;1;1;0;0;0;0;0
ar\lanss.html;0;0;0;0;0;1;1;0;0;0;0;0
ar\lawton.html;0;0;0;0;0;1;1;0;0;0;0;0
ar\manchester.html;0;0;0;0;0;1;1;0;0;0;0;0
ar\mapa-do-site.html;0;0;0;0;0;1;1;0;0;0;0;0
ar\medicamentos.html;0;0;0;0;0;1;1;0;0;0;0;0
ar\meem.html;0;0;0;0;0;1;1;0;1;0;0;0
ar\meows.html;0;0;0;0;0;1;1;0;0;0;0;0
ar\missao.html;0;0;0;0;0;1;1;0;0;0;0;0
ar\moca.html;0;0;0;0;0;1;1;0;1;0;0;0
ar\morse.html;0;0;0;0;0;1;1;0;0;0;0;0
ar\nanda.html;0;0;0;0;0;1;1;0;4;0;0;0
ar\news.html;0;0;0;0;0;1;1;0;0;0;0;0
ar\nihss.html;0;0;0;0;0;1;1;0;0;0;0;0
ar\nips.html;0;0;0;0;0;1;1;0;0;0;0;0
ar\norton.html;0;0;0;0;0;1;1;0;0;0;0;0
ar\objetivo.html;0;0;0;0;0;1;1;0;3;0;0;0
ar\ofras.html;0;0;0;0;0;1;1;0;0;0;0;0
ar\painad.html;0;0;0;0;0;1;1;0;0;0;0;0
ar\pelod.html;0;0;0;0;0;1;1;0;0;0;0;0
ar\perroca.html;0;0;0;0;0;1;1;0;0;0;0;0
ar\pews.html;0;0;0;0;0;1;1;0;0;0;0;0
ar\politica.html;0;0;0;0;0;1;1;0;2;0;0;0
ar\prism.html;0;0;0;0;0;1;1;0;0;0;0;0
ar\qsofa.html;0;0;0;0;0;1;1;0;0;0;0;0
ar\ramsay.html;0;0;0;0;0;1;1;0;0;0;0;0
ar\rancholosamigos.html;0;0;0;0;0;1;1;0;0;0;0;0
ar\richmond.html;0;0;0;0;0;1;1;0;0;0;0;0
ar\saps.html;0;0;0;0;0;1;1;0;0;0;0;0
ar\sbar.html;0;0;0;0;0;1;1;0;0;0;0;0
ar\silverman.html;0;0;0;0;0;1;1;0;0;0;0;0
ar\sofa.html;0;0;0;0;0;1;1;0;0;0;0;0
ar\tecnologiaverde.html;0;0;0;0;0;1;1;0;0;0;0;0
ar\termos.html;0;0;0;0;0;1;1;0;1;0;0;0
ar\tinetti.html;0;0;0;0;0;1;1;0;0;0;0;0
ar\waterlow.html;0;0;0;0;0;1;1;0;0;0;0;0
ar\zarit.html;0;0;0;0;0;1;1;0;0;0;0;0
ja\aldrete.html;0;0;0;0;0;1;1;0;0;0;0;0
ja\apache.html;0;0;0;0;0;1;1;0;0;0;0;0
ja\apgar.html;0;0;0;0;0;1;1;0;0;0;0;0
ja\asa.html;0;0;0;0;0;1;1;0;0;0;0;0
ja\balancohidrico.html;0;0;0;0;0;1;1;0;0;0;0;0
ja\ballard.html;0;0;0;0;0;1;1;0;0;0;0;0
ja\barthel.html;0;0;0;0;0;1;1;0;0;0;0;0
ja\berg.html;0;0;0;0;0;1;1;0;0;0;0;0
ja\bishop.html;0;0;0;0;0;1;1;0;0;0;0;0
ja\bps.html;0;0;0;0;0;1;1;0;0;0;0;0
ja\braden.html;0;0;0;0;0;1;1;0;0;0;0;0
ja\cam.html;0;0;0;0;0;1;1;0;0;0;0;0
ja\capurro.html;0;0;0;0;0;1;1;0;0;0;0;0
ja\cincinnati.html;0;0;0;0;0;1;1;0;0;0;0;0
ja\conteudos_da_pagina.html;0;0;0;0;0;1;1;0;21;0;0;0
ja\copsoq.html;0;0;0;0;0;1;1;0;0;0;0;0
ja\copsoq3.html;0;0;0;0;0;1;1;0;0;0;0;0
ja\cornell.html;0;0;0;0;0;1;1;0;0;0;0;0
ja\cries.html;0;0;0;0;0;1;1;0;0;0;0;0
ja\curb-65.html;0;0;0;0;0;1;1;0;0;0;0;0
ja\downes.html;0;0;0;0;0;1;1;0;0;0;0;0
ja\downton.html;0;0;0;0;0;1;1;0;0;0;0;0
ja\elpo.html;0;0;0;0;0;1;1;0;0;0;0;0
ja\equipamentoscc.html;0;0;0;0;0;1;1;0;15;0;0;0
ja\escalanumerica.html;0;0;0;0;0;1;1;0;0;0;0;0
ja\escalas-de-enfermagem\centro-cirurgico\index.html;1;0;1;1;0;0;1;0;0;0;0;0
ja\escalas-de-enfermagem\dor\index.html;1;0;1;1;0;0;1;0;0;0;0;0
ja\escalas-de-enfermagem\funcionalidade\index.html;1;0;1;1;0;0;1;0;0;0;0;0
ja\escalas-de-enfermagem\geriatria\index.html;1;0;1;1;0;0;1;0;0;0;0;0
ja\escalas-de-enfermagem\gestao\index.html;1;0;1;1;0;0;1;0;0;0;0;0
ja\escalas-de-enfermagem\index.html;1;0;1;1;0;0;1;0;0;0;0;0
ja\escalas-de-enfermagem\lesao-por-pressao\index.html;1;0;1;1;0;0;1;0;0;0;0;0
ja\escalas-de-enfermagem\neonatologia\index.html;1;0;1;1;0;0;1;0;0;0;0;0
ja\escalas-de-enfermagem\neurologia\index.html;1;0;1;1;0;0;1;0;0;0;0;0
ja\escalas-de-enfermagem\obstetricia\index.html;1;0;1;1;0;0;1;0;0;0;0;0
ja\escalas-de-enfermagem\pneumologia\index.html;1;0;1;1;0;0;1;0;0;0;0;0
ja\escalas-de-enfermagem\seguranca-do-paciente\index.html;1;0;1;1;0;0;1;0;0;0;0;0
ja\escalas-de-enfermagem\terapia-intensiva\index.html;1;0;1;1;0;0;1;0;0;0;0;0
ja\escalas-de-enfermagem\urgencia-emergencia\index.html;1;0;1;1;0;0;1;0;0;0;0;0
ja\exames_laboratoriais.html;0;0;0;0;0;1;1;0;0;0;0;0
ja\fale.html;0;0;0;0;0;1;1;0;0;0;0;0
ja\fast.html;0;0;0;0;0;1;1;0;0;0;0;0
ja\flacc.html;0;0;0;0;0;1;1;0;0;0;0;0
ja\formulario-saep-enfermagem.html;0;0;0;0;0;1;1;0;0;0;0;0
ja\forum-enfermagem.html;0;0;0;0;0;0;0;0;7;3;0;5
ja\four.html;0;0;0;0;0;1;1;0;0;0;0;0
ja\fugulin.html;0;0;0;0;0;1;1;0;0;0;0;0
ja\gasometria.html;0;0;0;0;0;1;1;0;0;0;0;0
ja\gds.html;0;0;0;0;0;1;1;0;0;0;0;0
ja\gestacional.html;0;0;0;0;0;1;1;0;0;0;0;0
ja\glasgow.html;0;0;0;0;0;1;1;0;0;0;0;0
ja\gosnell.html;0;0;0;0;0;1;1;0;0;0;0;0
ja\gotejamento.html;0;0;0;0;0;1;1;0;0;0;0;0
ja\guia_rapido_dispositivos.html;0;0;0;0;0;1;1;0;13;0;0;0
ja\guia_rapido_seringa_insulina.html;0;0;0;0;0;1;1;0;2;0;0;0
ja\hamilton.html;0;0;0;0;0;1;1;0;0;0;0;0
ja\hendrich.html;0;0;0;0;0;1;1;0;0;0;0;0
ja\humpty.html;0;0;0;0;0;1;1;0;0;0;0;0
ja\imc.html;0;0;0;0;0;1;1;0;0;0;0;0
ja\index.html;0;0;0;0;0;1;1;0;100;0;0;0
ja\instrumentais-cirurgicos.html;0;0;0;0;0;1;1;0;161;0;0;0
ja\insulina.html;0;0;0;0;0;1;1;0;1;0;0;0
ja\integracoes_calculadora_de_gasometria.html;0;0;0;0;0;1;1;0;2;0;0;0
ja\integracoes_classificacao_wifi.html;0;0;0;0;0;1;1;0;0;0;0;0
ja\johns.html;0;0;0;0;0;1;1;0;0;0;0;0
ja\jouvet.html;0;0;0;0;0;1;1;0;0;0;0;0
ja\katz.html;0;0;0;0;0;1;1;0;0;0;0;0
ja\lachs.html;0;0;0;0;0;1;1;0;0;0;0;0
ja\lanss.html;0;0;0;0;0;1;1;0;0;0;0;0
ja\lawton.html;0;0;0;0;0;1;1;0;0;0;0;0
ja\manchester.html;0;0;0;0;0;1;1;0;0;0;0;0
ja\mapa-do-site.html;0;0;0;0;0;1;1;0;0;0;0;0
ja\medicamentos.html;0;0;0;0;0;1;1;0;0;0;0;0
ja\meem.html;0;0;0;0;0;1;1;0;1;0;0;0
ja\meows.html;0;0;0;0;0;1;1;0;0;0;0;0
ja\missao.html;0;0;0;0;0;1;1;0;0;0;0;0
ja\moca.html;0;0;0;0;0;1;1;0;1;0;0;0
ja\morse.html;0;0;0;0;0;1;1;0;0;0;0;0
ja\nanda.html;0;0;0;0;0;1;1;0;4;0;0;0
ja\news.html;0;0;0;0;0;1;1;0;0;0;0;0
ja\nihss.html;0;0;0;0;0;1;1;0;0;0;0;0
ja\nips.html;0;0;0;0;0;1;1;0;0;0;0;0
ja\norton.html;0;0;0;0;0;1;1;0;0;0;0;0
ja\objetivo.html;0;0;0;0;0;1;1;0;3;0;0;0
ja\ofras.html;0;0;0;0;0;1;1;0;0;0;0;0
ja\painad.html;0;0;0;0;0;1;1;0;0;0;0;0
ja\pelod.html;0;0;0;0;0;1;1;0;0;0;0;0
ja\perroca.html;0;0;0;0;0;1;1;0;0;0;0;0
ja\pews.html;0;0;0;0;0;1;1;0;0;0;0;0
ja\politica.html;0;0;0;0;0;1;1;0;2;0;0;0
ja\politicadeacesibilidade.html;0;0;0;0;0;1;1;0;0;0;0;0
ja\prism.html;0;0;0;0;0;1;1;0;0;0;0;0
ja\qsofa.html;0;0;0;0;0;1;1;0;0;0;0;0
ja\ramsay.html;0;0;0;0;0;1;1;0;0;0;0;0
ja\rancholosamigos.html;0;0;0;0;0;1;1;0;0;0;0;0
ja\richmond.html;0;0;0;0;0;1;1;0;0;0;0;0
ja\saps.html;0;0;0;0;0;1;1;0;0;0;0;0
ja\sbar.html;0;0;0;0;0;1;1;0;0;0;0;0
ja\silverman.html;0;0;0;0;0;1;1;0;0;0;0;0
ja\sofa.html;0;0;0;0;0;1;1;0;0;0;0;0
ja\tecnologiaverde.html;0;0;0;0;0;1;1;0;0;0;0;0
ja\termos.html;0;0;0;0;0;1;1;0;1;0;0;0
ja\tinetti.html;0;0;0;0;0;1;1;0;0;0;0;0
ja\waterlow.html;0;0;0;0;0;1;1;0;0;0;0;0
ja\zarit.html;0;0;0;0;0;1;1;0;0;0;0;0
ru\aldrete.html;0;0;0;0;0;1;1;0;0;0;0;0
ru\apache.html;0;0;0;0;0;1;1;0;0;0;0;0
ru\apgar.html;0;0;0;0;0;1;1;0;0;0;0;0
ru\asa.html;0;0;0;0;0;1;1;0;0;0;0;0
ru\balancohidrico.html;0;0;0;0;0;1;1;0;0;0;0;0
ru\ballard.html;0;0;0;0;0;1;1;0;0;0;0;0
ru\barthel.html;0;0;0;0;0;1;1;0;0;0;0;0
ru\berg.html;0;0;0;0;0;1;1;0;0;0;0;0
ru\bishop.html;0;0;0;0;0;1;1;0;0;0;0;0
ru\bps.html;0;0;0;0;0;1;1;0;0;0;0;0
ru\braden.html;0;0;0;0;0;1;1;0;0;0;0;0
ru\cam.html;0;0;0;0;0;1;1;0;0;0;0;0
ru\capurro.html;0;0;0;0;0;1;1;0;0;0;0;0
ru\cincinnati.html;0;0;0;0;0;1;1;0;0;0;0;0
ru\conteudos_da_pagina.html;0;0;0;0;0;1;1;0;21;0;0;0
ru\copsoq.html;0;0;0;0;0;1;1;0;0;0;0;0
ru\copsoq3.html;0;0;0;0;0;1;1;0;0;0;0;0
ru\cornell.html;0;0;0;0;0;1;1;0;0;0;0;0
ru\cries.html;0;0;0;0;0;1;1;0;0;0;0;0
ru\curb-65.html;0;0;0;0;0;1;1;0;0;0;0;0
ru\diagnosticosnanda.html;0;0;0;0;0;1;1;0;1;0;0;0
ru\downes.html;0;0;0;0;0;1;1;0;0;0;0;0
ru\downton.html;0;0;0;0;0;1;1;0;0;0;0;0
ru\elpo.html;0;0;0;0;0;1;1;0;0;0;0;0
ru\equipamentoscc.html;0;0;0;0;0;1;1;0;15;0;0;0
ru\escalanumerica.html;0;0;0;0;0;1;1;0;0;0;0;0
ru\escalas-de-enfermagem\centro-cirurgico\index.html;1;0;1;1;0;0;1;1;0;0;0;0
ru\escalas-de-enfermagem\dor\index.html;1;0;1;1;0;0;1;1;0;0;0;0
ru\escalas-de-enfermagem\funcionalidade\index.html;1;0;1;1;0;0;1;1;0;0;0;0
ru\escalas-de-enfermagem\geriatria\index.html;1;0;1;1;0;0;1;1;0;0;0;0
ru\escalas-de-enfermagem\gestao\index.html;1;0;1;1;0;0;1;1;0;0;0;0
ru\escalas-de-enfermagem\index.html;1;0;1;1;0;0;1;1;0;0;0;0
ru\escalas-de-enfermagem\lesao-por-pressao\index.html;1;0;1;1;0;0;1;1;0;0;0;0
ru\escalas-de-enfermagem\neonatologia\index.html;1;0;1;1;0;0;1;1;0;0;0;0
ru\escalas-de-enfermagem\neurologia\index.html;1;0;1;1;0;0;1;1;0;0;0;0
ru\escalas-de-enfermagem\obstetricia\index.html;1;0;1;1;0;0;1;1;0;0;0;0
ru\escalas-de-enfermagem\pneumologia\index.html;1;0;1;1;0;0;1;1;0;0;0;0
ru\escalas-de-enfermagem\seguranca-do-paciente\index.html;1;0;1;1;0;0;1;1;0;0;0;0
ru\escalas-de-enfermagem\terapia-intensiva\index.html;1;0;1;1;0;0;1;1;0;0;0;0
ru\escalas-de-enfermagem\urgencia-emergencia\index.html;1;0;1;1;0;0;1;1;0;0;0;0
ru\exames_laboratoriais.html;0;0;0;0;0;1;1;0;0;0;0;0
ru\fale.html;0;0;0;0;0;1;1;0;0;0;0;0
ru\fast.html;0;0;0;0;0;1;1;0;0;0;0;0
ru\flacc.html;0;0;0;0;0;1;1;0;0;0;0;0
ru\formulario-saep-enfermagem.html;0;0;0;0;0;1;1;0;0;0;0;0
ru\forum-enfermagem.html;0;0;0;0;0;0;0;0;7;3;0;5
ru\four.html;0;0;0;0;0;1;1;0;0;0;0;0
ru\fugulin.html;0;0;0;0;0;1;1;0;0;0;0;0
ru\gasometria.html;0;0;0;0;0;1;1;0;0;0;0;0
ru\gds.html;0;0;0;0;0;1;1;0;0;0;0;0
ru\gestacional.html;0;0;0;0;0;1;1;0;0;0;0;0
ru\glasgow.html;0;0;0;0;0;1;1;0;0;0;0;0
ru\gosnell.html;0;0;0;0;0;1;1;0;0;0;0;0
ru\gotejamento.html;0;0;0;0;0;1;1;0;0;0;0;0
ru\guia_rapido_dispositivos.html;0;0;0;0;0;1;1;0;13;0;0;0
ru\guia_rapido_seringa_insulina.html;0;0;0;0;0;1;1;0;2;0;0;0
ru\hamilton.html;0;0;0;0;0;1;1;0;0;0;0;0
ru\hendrich.html;0;0;0;0;0;1;1;0;0;0;0;0
ru\humpty.html;0;0;0;0;0;1;1;0;0;0;0;0
ru\imc.html;0;0;0;0;0;1;1;0;0;0;0;0
ru\index.html;0;0;0;0;0;1;1;0;100;0;0;0
ru\instrumentais-cirurgicos.html;0;0;0;0;0;1;1;0;161;0;0;0
ru\insulina.html;0;0;0;0;0;1;1;0;1;0;0;0
ru\integracoes_calculadora_de_gasometria.html;0;0;0;0;0;1;1;0;2;0;0;0
ru\integracoes_classificacao_wifi.html;0;0;0;0;0;1;1;0;0;0;0;0
ru\johns.html;0;0;0;0;0;1;1;0;0;0;0;0
ru\jouvet.html;0;0;0;0;0;1;1;0;0;0;0;0
ru\katz.html;0;0;0;0;0;1;1;0;0;0;0;0
ru\lachs.html;0;0;0;0;0;1;1;0;0;0;0;0
ru\lanss.html;0;0;0;0;0;1;1;0;0;0;0;0
ru\lawton.html;0;0;0;0;0;1;1;0;0;0;0;0
ru\manchester.html;0;0;0;0;0;1;1;0;0;0;0;0
ru\mapa-do-site.html;0;0;0;0;0;1;0;0;0;0;0;0
ru\medicamentos.html;0;0;0;0;0;1;1;0;0;0;0;0
ru\meem.html;0;0;0;0;0;1;1;0;1;0;0;0
ru\meows.html;0;0;0;0;0;1;1;0;0;0;0;0
ru\missao.html;0;0;0;0;0;1;1;0;0;0;0;0
ru\moca.html;0;0;0;0;0;1;1;0;1;0;0;0
ru\morse.html;0;0;0;0;0;1;1;0;0;0;0;0
ru\nanda.html;0;0;0;0;0;1;1;0;4;0;0;0
ru\news.html;0;0;0;0;0;1;1;0;0;0;0;0
ru\nihss.html;0;0;0;0;0;1;1;0;0;0;0;0
ru\nips.html;0;0;0;0;0;1;1;0;0;0;0;0
ru\norton.html;0;0;0;0;0;1;1;0;0;0;0;0
ru\objetivo.html;0;0;0;0;0;1;1;0;3;0;0;0
ru\ofras.html;0;0;0;0;0;1;1;0;0;0;0;0
ru\painad.html;0;0;0;0;0;1;1;0;0;0;0;0
ru\pelod.html;0;0;0;0;0;1;1;0;0;0;0;0
ru\perroca.html;0;0;0;0;0;1;1;0;0;0;0;0
ru\pews.html;0;0;0;0;0;1;1;0;0;0;0;0
ru\politica.html;0;0;0;0;0;1;1;0;2;0;0;0
ru\prism.html;0;0;0;0;0;1;1;0;0;0;0;0
ru\qsofa.html;0;0;0;0;0;1;1;0;0;0;0;0
ru\ramsay.html;0;0;0;0;0;1;1;0;0;0;0;0
ru\rancholosamigos.html;0;0;0;0;0;1;1;0;0;0;0;0
ru\richmond.html;0;0;0;0;0;1;1;0;0;0;0;0
ru\saps.html;0;0;0;0;0;1;1;0;0;0;0;0
ru\sbar.html;0;0;0;0;0;1;1;0;0;0;0;0
ru\silverman.html;0;0;0;0;0;1;1;0;0;0;0;0
ru\sofa.html;0;0;0;0;0;1;1;0;0;0;0;0
ru\tecnologiaverde.html;0;0;0;0;0;1;1;0;0;0;0;0
ru\termos.html;0;0;0;0;0;1;1;0;1;0;0;0
ru\tinetti.html;0;0;0;0;0;1;1;0;0;0;0;0
ru\waterlow.html;0;0;0;0;0;1;1;0;0;0;0;0
ru\zarit.html;0;0;0;0;0;1;1;0;0;0;0;0
ko\aldrete.html;0;0;0;0;0;1;1;0;0;0;0;0
ko\apache.html;0;0;0;0;0;1;1;0;0;0;0;0
ko\apgar.html;0;0;0;0;0;1;1;0;0;0;0;0
ko\asa.html;0;0;0;0;0;1;1;0;0;0;0;0
ko\balancohidrico.html;0;0;0;0;0;1;1;0;0;0;0;0
ko\ballard.html;0;0;0;0;0;1;1;0;0;0;0;0
ko\barthel.html;0;0;0;0;0;1;1;0;0;0;0;0
ko\berg.html;0;0;0;0;0;1;1;0;0;0;0;0
ko\bishop.html;0;0;0;0;0;1;1;0;0;0;0;0
ko\bps.html;0;0;0;0;0;1;1;0;0;0;0;0
ko\braden.html;0;0;0;0;0;1;1;0;0;0;0;0
ko\cam.html;0;0;0;0;0;1;1;0;0;0;0;0
ko\capurro.html;0;0;0;0;0;1;1;0;0;0;0;0
ko\cincinnati.html;0;0;0;0;0;1;1;0;0;0;0;0
ko\conteudos_da_pagina.html;0;0;0;0;0;1;1;0;21;0;0;0
ko\copsoq.html;0;0;0;0;0;1;1;0;0;0;0;0
ko\copsoq3.html;0;0;0;0;0;1;1;0;0;0;0;0
ko\cornell.html;0;0;0;0;0;1;1;0;0;0;0;0
ko\cries.html;0;0;0;0;0;1;1;0;0;0;0;0
ko\curb-65.html;0;0;0;0;0;1;1;0;0;0;0;0
ko\diagnosticosnanda.html;0;0;0;0;0;1;1;0;1;0;0;0
ko\downes.html;0;0;0;0;0;1;1;0;0;0;0;0
ko\downton.html;0;0;0;0;0;1;1;0;0;0;0;0
ko\elpo.html;0;0;0;0;0;1;1;0;0;0;0;0
ko\equipamentoscc.html;0;0;0;0;0;1;1;0;15;0;0;0
ko\escalanumerica.html;0;0;0;0;0;1;1;0;0;0;0;0
ko\escalas-de-enfermagem\centro-cirurgico\index.html;1;0;1;1;0;0;1;0;0;0;0;0
ko\escalas-de-enfermagem\dor\index.html;1;0;1;1;0;0;1;0;0;0;0;0
ko\escalas-de-enfermagem\funcionalidade\index.html;1;0;1;1;0;0;1;0;0;0;0;0
ko\escalas-de-enfermagem\geriatria\index.html;1;0;1;1;0;0;1;0;0;0;0;0
ko\escalas-de-enfermagem\gestao\index.html;1;0;1;1;0;0;1;0;0;0;0;0
ko\escalas-de-enfermagem\index.html;1;0;1;1;0;0;1;0;0;0;0;0
ko\escalas-de-enfermagem\lesao-por-pressao\index.html;1;0;1;1;0;0;1;0;0;0;0;0
ko\escalas-de-enfermagem\neonatologia\index.html;1;0;1;1;0;0;1;0;0;0;0;0
ko\escalas-de-enfermagem\neurologia\index.html;1;0;1;1;0;0;1;0;0;0;0;0
ko\escalas-de-enfermagem\obstetricia\index.html;1;0;1;1;0;0;1;0;0;0;0;0
ko\escalas-de-enfermagem\pneumologia\index.html;1;0;1;1;0;0;1;0;0;0;0;0
ko\escalas-de-enfermagem\seguranca-do-paciente\index.html;1;0;1;1;0;0;1;0;0;0;0;0
ko\escalas-de-enfermagem\terapia-intensiva\index.html;1;0;1;1;0;0;1;0;0;0;0;0
ko\escalas-de-enfermagem\urgencia-emergencia\index.html;1;0;1;1;0;0;1;0;0;0;0;0
ko\exames_laboratoriais.html;0;0;0;0;0;1;1;0;0;0;0;0
ko\fale.html;0;0;0;0;0;1;1;0;0;0;0;0
ko\fast.html;0;0;0;0;0;1;1;0;0;0;0;0
ko\flacc.html;0;0;0;0;0;1;1;0;0;0;0;0
ko\formulario-saep-enfermagem.html;0;0;0;0;0;1;1;0;0;0;0;0
ko\forum-enfermagem.html;0;0;0;0;0;0;0;0;7;3;0;5
ko\four.html;0;0;0;0;0;1;1;0;0;0;0;0
ko\fugulin.html;0;0;0;0;0;1;1;0;0;0;0;0
ko\gasometria.html;0;0;0;0;0;1;1;0;0;0;0;0
ko\gds.html;0;0;0;0;0;1;1;0;0;0;0;0
ko\gestacional.html;0;0;0;0;0;1;1;0;0;0;0;0
ko\glasgow.html;0;0;0;0;0;1;1;0;0;0;0;0
ko\gosnell.html;0;0;0;0;0;1;1;0;0;0;0;0
ko\gotejamento.html;0;0;0;0;0;1;1;0;0;0;0;0
ko\guia_rapido_dispositivos.html;0;0;0;0;0;1;1;0;13;0;0;0
ko\guia_rapido_seringa_insulina.html;0;0;0;0;0;1;1;0;2;0;0;0
ko\hamilton.html;0;0;0;0;0;1;1;0;0;0;0;0
ko\hendrich.html;0;0;0;0;0;1;1;0;0;0;0;0
ko\humpty.html;0;0;0;0;0;1;1;0;0;0;0;0
ko\imc.html;0;0;0;0;0;1;1;0;0;0;0;0
ko\index.html;0;0;0;0;0;1;1;0;100;0;0;0
ko\instrumentais-cirurgicos.html;0;0;0;0;0;1;1;0;161;0;0;0
ko\insulina.html;0;0;0;0;0;1;1;0;1;0;0;0
ko\integracoes_calculadora_de_gasometria.html;0;0;0;0;0;1;1;0;2;0;0;0
ko\integracoes_classificacao_wifi.html;0;0;0;0;0;1;1;0;0;0;0;0
ko\johns.html;0;0;0;0;0;1;1;0;0;0;0;0
ko\jouvet.html;0;0;0;0;0;1;1;0;0;0;0;0
ko\katz.html;0;0;0;0;0;1;1;0;0;0;0;0
ko\lachs.html;0;0;0;0;0;1;1;0;0;0;0;0
ko\lanss.html;0;0;0;0;0;1;1;0;0;0;0;0
ko\lawton.html;0;0;0;0;0;1;1;0;0;0;0;0
ko\manchester.html;0;0;0;0;0;1;1;0;0;0;0;0
ko\mapa-do-site.html;0;0;0;0;0;1;1;0;0;0;0;0
ko\medicamentos.html;0;0;0;0;0;1;1;0;0;0;0;0
ko\meem.html;0;0;0;0;0;1;1;0;1;0;0;0
ko\meows.html;0;0;0;0;0;1;1;0;0;0;0;0
ko\missao.html;0;0;0;0;0;1;1;0;0;0;0;0
ko\moca.html;0;0;0;0;0;1;1;0;1;0;0;0
ko\morse.html;0;0;0;0;0;1;1;0;0;0;0;0
ko\nanda.html;0;0;0;0;0;1;1;0;4;0;0;0
ko\news.html;0;0;0;0;0;1;1;0;0;0;0;0
ko\nihss.html;0;0;0;0;0;1;1;0;0;0;0;0
ko\nips.html;0;0;0;0;0;1;1;0;0;0;0;0
ko\norton.html;0;0;0;0;0;1;1;0;0;0;0;0
ko\objetivo.html;0;0;0;0;0;1;1;0;3;0;0;0
ko\ofras.html;0;0;0;0;0;1;1;0;0;0;0;0
ko\painad.html;0;0;0;0;0;1;1;0;0;0;0;0
ko\pelod.html;0;0;0;0;0;1;1;0;0;0;0;0
ko\perroca.html;0;0;0;0;0;1;1;0;0;0;0;0
ko\pews.html;0;0;0;0;0;1;1;0;0;0;0;0
ko\politica.html;0;0;0;0;0;1;1;0;2;0;0;0
ko\prism.html;0;0;0;0;0;1;1;0;0;0;0;0
ko\qsofa.html;0;0;0;0;0;1;1;0;0;0;0;0
ko\ramsay.html;0;0;0;0;0;1;1;0;0;0;0;0
ko\rancholosamigos.html;0;0;0;0;0;1;1;0;0;0;0;0
ko\richmond.html;0;0;0;0;0;1;1;0;0;0;0;0
ko\saps.html;0;0;0;0;0;1;1;0;0;0;0;0
ko\sbar.html;0;0;0;0;0;1;1;0;0;0;0;0
ko\silverman.html;0;0;0;0;0;1;1;0;0;0;0;0
ko\sofa.html;0;0;0;0;0;1;1;0;0;0;0;0
ko\tecnologiaverde.html;0;0;0;0;0;1;1;0;0;0;0;0
ko\termos.html;0;0;0;0;0;1;1;0;1;0;0;0
ko\tinetti.html;0;0;0;0;0;1;1;0;0;0;0;0
ko\waterlow.html;0;0;0;0;0;1;1;0;0;0;0;0
ko\zarit.html;0;0;0;0;0;1;1;0;0;0;0;0
tr\aldrete.html;0;0;0;0;0;1;1;0;0;0;0;0
tr\apache.html;0;0;0;0;0;1;1;0;0;0;0;0
tr\apgar.html;0;0;0;0;0;1;1;0;0;0;0;0
tr\asa.html;0;0;0;0;0;1;1;0;0;0;0;0
tr\balancohidrico.html;0;0;0;0;0;1;1;0;0;0;0;0
tr\ballard.html;0;0;0;0;0;1;1;0;0;0;0;0
tr\barthel.html;0;0;0;0;0;1;1;0;0;0;0;0
tr\berg.html;0;0;0;0;0;1;1;0;0;0;0;0
tr\bishop.html;0;0;0;0;0;1;1;0;0;0;0;0
tr\bps.html;0;0;0;0;0;1;1;0;0;0;0;0
tr\braden.html;0;0;0;0;0;1;1;0;0;0;0;0
tr\cam.html;0;0;0;0;0;1;1;0;0;0;0;0
tr\capurro.html;0;0;0;0;0;1;1;0;0;0;0;0
tr\cincinnati.html;0;0;0;0;0;1;1;0;0;0;0;0
tr\conteudos_da_pagina.html;0;0;0;0;0;1;1;0;21;0;0;0
tr\copsoq.html;0;0;0;0;0;1;1;0;0;0;0;0
tr\copsoq3.html;0;0;0;0;0;1;1;0;0;0;0;0
tr\cornell.html;0;0;0;0;0;1;1;0;0;0;0;0
tr\cries.html;0;0;0;0;0;1;1;0;0;0;0;0
tr\curb-65.html;0;0;0;0;0;1;1;0;0;0;0;0
tr\diagnosticosnanda.html;0;0;0;0;0;1;1;0;1;0;0;0
tr\downes.html;0;0;0;0;0;1;1;0;0;0;0;0
tr\downton.html;0;0;0;0;0;1;1;0;0;0;0;0
tr\elpo.html;0;0;0;0;0;1;1;0;0;0;0;0
tr\equipamentoscc.html;0;0;0;0;0;1;1;0;15;0;0;0
tr\escalanumerica.html;0;0;0;0;0;1;1;0;0;0;0;0
tr\escalas-de-enfermagem\centro-cirurgico\index.html;1;0;1;1;0;0;1;1;0;0;0;0
tr\escalas-de-enfermagem\dor\index.html;1;0;1;1;0;0;1;1;0;0;0;0
tr\escalas-de-enfermagem\funcionalidade\index.html;1;0;1;1;0;0;1;1;0;0;0;0
tr\escalas-de-enfermagem\geriatria\index.html;1;0;1;1;0;0;1;1;0;0;0;0
tr\escalas-de-enfermagem\gestao\index.html;1;0;1;1;0;0;1;1;0;0;0;0
tr\escalas-de-enfermagem\index.html;1;0;1;1;0;0;1;1;0;0;0;0
tr\escalas-de-enfermagem\lesao-por-pressao\index.html;1;0;1;1;0;0;1;1;0;0;0;0
tr\escalas-de-enfermagem\neonatologia\index.html;1;0;1;1;0;0;1;1;0;0;0;0
tr\escalas-de-enfermagem\neurologia\index.html;1;0;1;1;0;0;1;1;0;0;0;0
tr\escalas-de-enfermagem\obstetricia\index.html;1;0;1;1;0;0;1;1;0;0;0;0
tr\escalas-de-enfermagem\pneumologia\index.html;1;0;1;1;0;0;1;1;0;0;0;0
tr\escalas-de-enfermagem\seguranca-do-paciente\index.html;1;0;1;1;0;0;1;1;0;0;0;0
tr\escalas-de-enfermagem\terapia-intensiva\index.html;1;0;1;1;0;0;1;1;0;0;0;0
tr\escalas-de-enfermagem\urgencia-emergencia\index.html;1;0;1;1;0;0;1;1;0;0;0;0
tr\exames_laboratoriais.html;0;0;0;0;0;1;1;0;0;0;0;0
tr\fale.html;0;0;0;0;0;1;1;0;0;0;0;0
tr\fast.html;0;0;0;0;0;1;1;0;0;0;0;0
tr\flacc.html;0;0;0;0;0;1;1;0;0;0;0;0
tr\formulario-saep-enfermagem.html;0;0;0;0;0;1;1;0;0;0;0;0
tr\forum-enfermagem.html;0;0;0;0;0;0;0;0;7;3;0;5
tr\four.html;0;0;0;0;0;1;1;0;0;0;0;0
tr\fugulin.html;0;0;0;0;0;1;1;0;0;0;0;0
tr\gasometria.html;0;0;0;0;0;1;1;0;0;0;0;0
tr\gds.html;0;0;0;0;0;1;1;0;0;0;0;0
tr\gestacional.html;0;0;0;0;0;1;1;0;0;0;0;0
tr\glasgow.html;0;0;0;0;0;1;1;0;0;0;0;0
tr\gosnell.html;0;0;0;0;0;1;1;0;0;0;0;0
tr\gotejamento.html;0;0;0;0;0;1;1;0;0;0;0;0
tr\guia_rapido_dispositivos.html;0;0;0;0;0;1;1;0;13;0;0;0
tr\guia_rapido_seringa_insulina.html;0;0;0;0;0;1;1;0;2;0;0;0
tr\hamilton.html;0;0;0;0;0;1;1;0;0;0;0;0
tr\hendrich.html;0;0;0;0;0;1;1;0;0;0;0;0
tr\humpty.html;0;0;0;0;0;1;1;0;0;0;0;0
tr\imc.html;0;0;0;0;0;1;1;0;0;0;0;0
tr\index.html;0;0;0;0;0;1;1;0;100;0;0;0
tr\instrumentais-cirurgicos.html;0;0;0;0;0;1;1;0;161;0;0;0
tr\insulina.html;0;0;0;0;0;1;1;0;1;0;0;0
tr\integracoes_calculadora_de_gasometria.html;0;0;0;0;0;1;1;0;2;0;0;0
tr\integracoes_classificacao_wifi.html;0;0;0;0;0;0;0;0;0;0;0;0
tr\johns.html;0;0;0;0;0;1;1;0;0;0;0;0
tr\jouvet.html;0;0;0;0;0;1;1;0;0;0;0;0
tr\katz.html;0;0;0;0;0;1;1;0;0;0;0;0
tr\lachs.html;0;0;0;0;0;1;1;0;0;0;0;0
tr\lanss.html;0;0;0;0;0;1;1;0;0;0;0;0
tr\lawton.html;0;0;0;0;0;1;1;0;0;0;0;0
tr\manchester.html;0;0;0;0;0;1;1;0;0;0;0;0
tr\mapa-do-site.html;0;0;0;0;0;1;1;0;0;0;0;0
tr\medicamentos.html;0;0;0;0;0;1;1;0;0;0;0;0
tr\meem.html;0;0;0;0;0;1;1;0;1;0;0;0
tr\meows.html;0;0;0;0;0;1;1;0;0;0;0;0
tr\missao.html;0;0;0;0;0;1;1;0;0;0;0;0
tr\moca.html;0;0;0;0;0;1;1;0;1;0;0;0
tr\morse.html;0;0;0;0;0;1;1;0;0;0;0;0
tr\nanda.html;0;0;0;0;0;1;1;0;4;0;0;0
tr\news.html;0;0;0;0;0;1;1;0;0;0;0;0
tr\nihss.html;0;0;0;0;0;1;1;0;0;0;0;0
tr\nips.html;0;0;0;0;0;1;1;0;0;0;0;0
tr\norton.html;0;0;0;0;0;1;1;0;0;0;0;0
tr\objetivo.html;0;0;0;0;0;1;1;0;3;0;0;0
tr\ofras.html;0;0;0;0;0;1;1;0;0;0;0;0
tr\painad.html;0;0;0;0;0;1;1;0;0;0;0;0
tr\pelod.html;0;0;0;0;0;1;1;0;0;0;0;0
tr\perroca.html;0;0;0;0;0;1;1;0;0;0;0;0
tr\pews.html;0;0;0;0;0;1;1;0;0;0;0;0
tr\politica.html;0;0;0;0;0;1;1;0;2;0;0;0
tr\prism.html;0;0;0;0;0;1;1;0;0;0;0;0
tr\qsofa.html;0;0;0;0;0;1;1;0;0;0;0;0
tr\ramsay.html;0;0;0;0;0;1;1;0;0;0;0;0
tr\rancholosamigos.html;0;0;0;0;0;1;1;0;0;0;0;0
tr\richmond.html;0;0;0;0;0;1;1;0;0;0;0;0
tr\saps.html;0;0;0;0;0;1;1;0;0;0;0;0
tr\sbar.html;0;0;0;0;0;1;1;0;0;0;0;0
tr\silverman.html;0;0;0;0;0;1;1;0;0;0;0;0
tr\sofa.html;0;0;0;0;0;1;1;0;0;0;0;0
tr\tecnologiaverde.html;0;0;0;0;0;1;1;0;0;0;0;0
tr\termos.html;0;0;0;0;0;1;1;0;1;0;0;0
tr\tinetti.html;0;0;0;0;0;1;1;0;0;0;0;0
tr\waterlow.html;0;0;0;0;0;1;1;0;0;0;0;0
tr\zarit.html;0;0;0;0;0;1;1;0;0;0;0;0
nl\5-hs-da-paradacardiorespiratoria.html;0;0;0;0;0;1;1;0;6;0;0;0
nl\aldrete.html;0;0;0;0;0;1;1;0;0;0;0;0
nl\apache.html;0;0;0;0;0;1;1;0;0;0;0;0
nl\apgar.html;0;0;0;0;0;1;1;0;0;0;0;0
nl\asa.html;0;0;0;0;0;1;1;0;0;0;0;0
nl\balancohidrico.html;0;0;0;0;0;1;1;0;0;0;0;0
nl\ballard.html;0;0;0;0;0;1;1;0;0;0;0;0
nl\barthel.html;0;0;0;0;0;1;1;0;0;0;0;0
nl\berg.html;0;0;0;0;0;1;1;0;0;0;0;0
nl\bishop.html;0;0;0;0;0;1;1;0;0;0;0;0
nl\bps.html;0;0;0;0;0;1;1;0;0;0;0;0
nl\braden.html;0;0;0;0;0;1;1;0;0;0;0;0
nl\calculadoravacina.html;0;0;0;0;0;1;1;0;0;0;0;0
nl\cam.html;0;0;0;0;0;1;1;0;0;0;0;0
nl\capurro.html;0;0;0;0;0;1;1;0;0;0;0;0
nl\cincinnati.html;0;0;0;0;0;1;1;0;0;0;0;0
nl\conteudos_da_pagina.html;0;0;0;0;0;1;1;0;21;0;0;0
nl\copsoq.html;0;0;0;0;0;1;1;0;0;0;0;0
nl\copsoq3.html;0;0;0;0;0;1;1;0;0;0;0;0
nl\cornell.html;0;0;0;0;0;1;1;0;0;0;0;0
nl\cries.html;0;0;0;0;0;1;1;0;0;0;0;0
nl\curb-65.html;0;0;0;0;0;1;1;0;0;0;0;0
nl\diagnosticosnanda.html;0;0;0;0;0;1;1;0;1;0;0;0
nl\downes.html;0;0;0;0;0;1;1;0;0;0;0;0
nl\downton.html;0;0;0;0;0;1;1;0;0;0;0;0
nl\elpo.html;0;0;0;0;0;1;1;0;0;0;0;0
nl\equipamentoscc.html;0;0;0;0;0;1;1;0;15;0;0;0
nl\escalanumerica.html;0;0;0;0;0;1;1;0;0;0;0;0
nl\escalas-de-enfermagem\centro-cirurgico\index.html;1;0;1;1;0;0;1;1;0;0;0;0
nl\escalas-de-enfermagem\dor\index.html;1;0;1;1;0;0;1;1;0;0;0;0
nl\escalas-de-enfermagem\funcionalidade\index.html;1;0;1;1;0;0;1;1;0;0;0;0
nl\escalas-de-enfermagem\geriatria\index.html;1;0;1;1;0;0;1;1;0;0;0;0
nl\escalas-de-enfermagem\gestao\index.html;1;0;1;1;0;0;1;1;0;0;0;0
nl\escalas-de-enfermagem\index.html;1;0;1;1;0;0;1;1;0;0;0;0
nl\escalas-de-enfermagem\lesao-por-pressao\index.html;1;0;1;1;0;0;1;1;0;0;0;0
nl\escalas-de-enfermagem\neonatologia\index.html;1;0;1;1;0;0;1;1;0;0;0;0
nl\escalas-de-enfermagem\neurologia\index.html;1;0;1;1;0;0;1;1;0;0;0;0
nl\escalas-de-enfermagem\obstetricia\index.html;1;0;1;1;0;0;1;1;0;0;0;0
nl\escalas-de-enfermagem\pneumologia\index.html;1;0;1;1;0;0;1;1;0;0;0;0
nl\escalas-de-enfermagem\seguranca-do-paciente\index.html;1;0;1;1;0;0;1;1;0;0;0;0
nl\escalas-de-enfermagem\terapia-intensiva\index.html;1;0;1;1;0;0;1;1;0;0;0;0
nl\escalas-de-enfermagem\urgencia-emergencia\index.html;1;0;1;1;0;0;1;1;0;0;0;0
nl\exames_laboratoriais.html;0;0;0;0;0;1;1;0;0;0;0;0
nl\fale.html;0;0;0;0;0;1;1;0;0;0;0;0
nl\fast.html;0;0;0;0;0;1;1;0;0;0;0;0
nl\flacc.html;0;0;0;0;0;1;1;0;0;0;0;0
nl\formulario-saep-enfermagem.html;0;0;0;0;0;1;1;0;0;0;0;0
nl\forum-enfermagem.html;0;0;0;0;0;0;0;0;7;3;0;5
nl\four.html;0;0;0;0;0;1;1;0;0;0;0;0
nl\fugulin.html;0;0;0;0;0;1;1;0;0;0;0;0
nl\gasometria.html;0;0;0;0;0;1;1;0;0;0;0;0
nl\gds.html;0;0;0;0;0;1;1;0;0;0;0;0
nl\gestacional.html;0;0;0;0;0;1;1;0;0;0;0;0
nl\glasgow.html;0;0;0;0;0;1;1;0;0;0;0;0
nl\gosnell.html;0;0;0;0;0;1;1;0;0;0;0;0
nl\gotejamento.html;0;0;0;0;0;1;1;0;0;0;0;0
nl\guia_rapido_dispositivos.html;0;0;0;0;0;1;1;0;13;0;0;0
nl\guia_rapido_seringa_insulina.html;0;0;0;0;0;1;1;0;2;0;0;0
nl\hamilton.html;0;0;0;0;0;1;1;0;0;0;0;0
nl\hendrich.html;0;0;0;0;0;1;1;0;0;0;0;0
nl\humpty.html;0;0;0;0;0;1;1;0;0;0;0;0
nl\imc.html;0;0;0;0;0;1;1;0;0;0;0;0
nl\index.html;0;0;0;0;0;1;1;0;100;0;0;0
nl\instrumentais-cirurgicos.html;0;0;0;0;0;1;1;0;161;0;0;0
nl\insulina.html;0;0;0;0;0;1;1;0;1;0;0;0
nl\integracoes_calculadora_de_gasometria.html;0;0;0;0;0;1;1;0;2;0;0;0
nl\integracoes_classificacao_wifi.html;0;0;0;0;0;1;1;0;0;0;0;0
nl\johns.html;0;0;0;0;0;1;1;0;0;0;0;0
nl\jouvet.html;0;0;0;0;0;1;1;0;0;0;0;0
nl\katz.html;0;0;0;0;0;1;1;0;0;0;0;0
nl\lachs.html;0;0;0;0;0;1;1;0;0;0;0;0
nl\lanss.html;0;0;0;0;0;1;1;0;0;0;0;0
nl\lawton.html;0;0;0;0;0;1;1;0;0;0;0;0
nl\lista-de-doencas-de-notificacao-compulsoria.html;0;0;0;0;0;1;1;0;0;0;0;0
nl\manchester.html;0;0;0;0;0;1;1;0;0;0;0;0
nl\mapa-do-site.html;0;0;0;0;0;1;1;0;0;0;0;0
nl\medicamentos.html;0;0;0;0;0;1;1;0;0;0;0;0
nl\meem.html;0;0;0;0;0;1;1;0;1;0;0;0
nl\meows.html;0;0;0;0;0;1;1;0;0;0;0;0
nl\missao.html;0;0;0;0;0;1;1;0;0;0;0;0
nl\moca.html;0;0;0;0;0;1;1;0;1;0;0;0
nl\morse.html;0;0;0;0;0;1;1;0;0;0;0;0
nl\nanda.html;0;0;0;0;0;1;1;0;4;0;0;0
nl\news.html;0;0;0;0;0;1;1;0;0;0;0;0
nl\nihss.html;0;0;0;0;0;1;1;0;0;0;0;0
nl\nips.html;0;0;0;0;0;1;1;0;0;0;0;0
nl\norton.html;0;0;0;0;0;1;1;0;0;0;0;0
nl\objetivo.html;0;0;0;0;0;1;1;0;3;0;0;0
nl\ofras.html;0;0;0;0;0;1;1;0;0;0;0;0
nl\painad.html;0;0;0;0;0;1;1;0;0;0;0;0
nl\pelod.html;0;0;0;0;0;1;1;0;0;0;0;0
nl\perroca.html;0;0;0;0;0;1;1;0;0;0;0;0
nl\pews.html;0;0;0;0;0;1;1;0;0;0;0;0
nl\politica.html;0;0;0;0;0;1;1;0;2;0;0;0
nl\prism.html;0;0;0;0;0;1;1;0;0;0;0;0
nl\qsofa.html;0;0;0;0;0;1;1;0;0;0;0;0
nl\ramsay.html;0;0;0;0;0;1;1;0;0;0;0;0
nl\rancholosamigos.html;0;0;0;0;0;1;1;0;0;0;0;0
nl\richmond.html;0;0;0;0;0;1;1;0;0;0;0;0
nl\saps.html;0;0;0;0;0;1;1;0;0;0;0;0
nl\sbar.html;0;0;0;0;0;1;1;0;0;0;0;0
nl\silverman.html;0;0;0;0;0;1;1;0;0;0;0;0
nl\sinan.html;0;0;0;0;0;1;1;0;5;0;0;0
nl\sofa.html;0;0;0;0;0;1;1;0;0;0;0;0
nl\tecnologiaverde.html;0;0;0;0;0;1;1;0;0;0;0;0
nl\termos.html;0;0;0;0;0;1;1;0;1;0;0;0
nl\tinetti.html;0;0;0;0;0;1;1;0;0;0;0;0
nl\vagasdeemprego.html;0;0;0;0;0;1;1;0;0;0;0;0
nl\waterlow.html;0;0;0;0;0;1;1;0;0;0;0;0
nl\zarit.html;0;0;0;0;0;1;1;0;0;0;0;0
pl\5-hs-da-paradacardiorespiratoria.html;0;0;0;0;0;1;1;0;6;0;0;0
pl\aldrete.html;0;0;0;0;0;1;1;0;0;0;0;0
pl\apache.html;0;0;0;0;0;1;1;0;0;0;0;0
pl\apgar.html;0;0;0;0;0;1;1;0;0;0;0;0
pl\asa.html;0;0;0;0;0;1;1;0;0;0;0;0
pl\balancohidrico.html;0;0;0;0;0;1;1;0;0;0;0;0
pl\ballard.html;0;0;0;0;0;1;1;0;0;0;0;0
pl\barthel.html;0;0;0;0;0;1;1;0;0;0;0;0
pl\berg.html;0;0;0;0;0;1;1;0;0;0;0;0
pl\bishop.html;0;0;0;0;0;1;1;0;0;0;0;0
pl\bps.html;0;0;0;0;0;1;1;0;0;0;0;0
pl\braden.html;0;0;0;0;0;1;1;0;0;0;0;0
pl\calculadoravacina.html;0;0;0;0;0;1;1;0;0;0;0;0
pl\cam.html;0;0;0;0;0;1;1;0;0;0;0;0
pl\capurro.html;0;0;0;0;0;1;1;0;0;0;0;0
pl\cincinnati.html;0;0;0;0;0;1;1;0;0;0;0;0
pl\conteudos_da_pagina.html;0;0;0;0;0;1;1;0;21;0;0;0
pl\copsoq.html;0;0;0;0;0;1;1;0;0;0;0;0
pl\copsoq3.html;0;0;0;0;0;1;1;0;0;0;0;0
pl\cornell.html;0;0;0;0;0;1;1;0;0;0;0;0
pl\cries.html;0;0;0;0;0;1;1;0;0;0;0;0
pl\curb-65.html;0;0;0;0;0;1;1;0;0;0;0;0
pl\diagnosticosnanda.html;0;0;0;0;0;1;1;0;1;0;0;0
pl\downes.html;0;0;0;0;0;1;1;0;0;0;0;0
pl\downton.html;0;0;0;0;0;1;1;0;0;0;0;0
pl\elpo.html;0;0;0;0;0;1;1;0;0;0;0;0
pl\equipamentoscc.html;0;0;0;0;0;1;1;0;15;0;0;0
pl\escalanumerica.html;0;0;0;0;0;1;1;0;0;0;0;0
pl\escalas-de-enfermagem\centro-cirurgico\index.html;1;0;1;1;0;0;1;1;0;0;0;0
pl\escalas-de-enfermagem\dor\index.html;1;0;1;1;0;0;1;1;0;0;0;0
pl\escalas-de-enfermagem\funcionalidade\index.html;1;0;1;1;0;0;1;1;0;0;0;0
pl\escalas-de-enfermagem\geriatria\index.html;1;0;1;1;0;0;1;1;0;0;0;0
pl\escalas-de-enfermagem\gestao\index.html;1;0;1;1;0;0;1;1;0;0;0;0
pl\escalas-de-enfermagem\index.html;1;0;1;1;0;0;1;1;0;0;0;0
pl\escalas-de-enfermagem\lesao-por-pressao\index.html;1;0;1;1;0;0;1;1;0;0;0;0
pl\escalas-de-enfermagem\neonatologia\index.html;1;0;1;1;0;0;1;1;0;0;0;0
pl\escalas-de-enfermagem\neurologia\index.html;1;0;1;1;0;0;1;1;0;0;0;0
pl\escalas-de-enfermagem\obstetricia\index.html;1;0;1;1;0;0;1;1;0;0;0;0
pl\escalas-de-enfermagem\pneumologia\index.html;1;0;1;1;0;0;1;1;0;0;0;0
pl\escalas-de-enfermagem\seguranca-do-paciente\index.html;1;0;1;1;0;0;1;1;0;0;0;0
pl\escalas-de-enfermagem\terapia-intensiva\index.html;1;0;1;1;0;0;1;1;0;0;0;0
pl\escalas-de-enfermagem\urgencia-emergencia\index.html;1;0;1;1;0;0;1;1;0;0;0;0
pl\exames_laboratoriais.html;0;0;0;0;0;1;1;0;0;0;0;0
pl\fale.html;0;0;0;0;0;1;1;0;0;0;0;0
pl\fast.html;0;0;0;0;0;1;1;0;0;0;0;0
pl\flacc.html;0;0;0;0;0;1;1;0;0;0;0;0
pl\formulario-saep-enfermagem.html;0;0;0;0;0;1;1;0;0;0;0;0
pl\forum-enfermagem.html;0;0;0;0;0;0;0;0;7;3;0;5
pl\four.html;0;0;0;0;0;1;1;0;0;0;0;0
pl\fugulin.html;0;0;0;0;0;1;1;0;0;0;0;0
pl\gasometria.html;0;0;0;0;0;1;1;0;0;0;0;0
pl\gds.html;0;0;0;0;0;1;1;0;0;0;0;0
pl\gestacional.html;0;0;0;0;0;1;1;0;0;0;0;0
pl\glasgow.html;0;0;0;0;0;1;1;0;0;0;0;0
pl\gosnell.html;0;0;0;0;0;1;1;0;0;0;0;0
pl\gotejamento.html;0;0;0;0;0;1;1;0;0;0;0;0
pl\guia_rapido_dispositivos.html;0;0;0;0;0;1;1;0;13;0;0;0
pl\guia_rapido_seringa_insulina.html;0;0;0;0;0;1;1;0;2;0;0;0
pl\hamilton.html;0;0;0;0;0;1;1;0;0;0;0;0
pl\hendrich.html;0;0;0;0;0;1;1;0;0;0;0;0
pl\humpty.html;0;0;0;0;0;1;1;0;0;0;0;0
pl\imc.html;0;0;0;0;0;1;1;0;0;0;0;0
pl\index.html;0;0;0;0;0;1;1;0;100;0;0;0
pl\instrumentais-cirurgicos.html;0;0;0;0;0;1;1;0;161;0;0;0
pl\insulina.html;0;0;0;0;0;1;1;0;1;0;0;0
pl\integracoes_calculadora_de_gasometria.html;0;0;0;0;0;0;0;0;0;0;0;0
pl\integracoes_classificacao_wifi.html;0;0;0;0;0;0;0;0;0;0;0;0
pl\johns.html;0;0;0;0;0;1;1;0;0;0;0;0
pl\jouvet.html;0;0;0;0;0;1;1;0;0;0;0;0
pl\katz.html;0;0;0;0;0;1;1;0;0;0;0;0
pl\lachs.html;0;0;0;0;0;1;1;0;0;0;0;0
pl\lanss.html;0;0;0;0;0;1;1;0;0;0;0;0
pl\lawton.html;0;0;0;0;0;1;1;0;0;0;0;0
pl\lista-de-doencas-de-notificacao-compulsoria.html;0;0;0;0;0;1;1;0;0;0;0;0
pl\manchester.html;0;0;0;0;0;1;1;0;0;0;0;0
pl\mapa-do-site.html;0;0;0;0;0;1;1;0;0;0;0;0
pl\medicamentos.html;0;0;0;0;0;1;1;0;0;0;0;0
pl\meem.html;0;0;0;0;0;1;1;0;1;0;0;0
pl\meows.html;0;0;0;0;0;1;1;0;0;0;0;0
pl\missao.html;0;0;0;0;0;1;1;0;0;0;0;0
pl\moca.html;0;0;0;0;0;1;1;0;1;0;0;0
pl\morse.html;0;0;0;0;0;1;1;0;0;0;0;0
pl\nanda.html;0;0;0;0;0;1;1;0;4;0;0;0
pl\news.html;0;0;0;0;0;1;1;0;0;0;0;0
pl\nihss.html;0;0;0;0;0;1;1;0;0;0;0;0
pl\nips.html;0;0;0;0;0;1;1;0;0;0;0;0
pl\norton.html;0;0;0;0;0;1;1;0;0;0;0;0
pl\objetivo.html;0;0;0;0;0;1;1;0;3;0;0;0
pl\ofras.html;0;0;0;0;0;1;1;0;0;0;0;0
pl\painad.html;0;0;0;0;0;1;1;0;0;0;0;0
pl\pelod.html;0;0;0;0;0;1;1;0;0;0;0;0
pl\perroca.html;0;0;0;0;0;1;1;0;0;0;0;0
pl\pews.html;0;0;0;0;0;1;1;0;0;0;0;0
pl\politica.html;0;0;0;0;0;1;1;0;2;0;0;0
pl\prism.html;0;0;0;0;0;1;1;0;0;0;0;0
pl\qsofa.html;0;0;0;0;0;1;1;0;0;0;0;0
pl\ramsay.html;0;0;0;0;0;1;1;0;0;0;0;0
pl\rancholosamigos.html;0;0;0;0;0;1;1;0;0;0;0;0
pl\richmond.html;0;0;0;0;0;1;1;0;0;0;0;0
pl\saps.html;0;0;0;0;0;1;1;0;0;0;0;0
pl\sbar.html;0;0;0;0;0;1;1;0;0;0;0;0
pl\silverman.html;0;0;0;0;0;1;1;0;0;0;0;0
pl\sinan.html;0;0;0;0;0;1;1;0;5;0;0;0
pl\sofa.html;0;0;0;0;0;1;1;0;0;0;0;0
pl\tecnologiaverde.html;0;0;0;0;0;1;1;0;0;0;0;0
pl\termos.html;0;0;0;0;0;1;1;0;1;0;0;0
pl\tinetti.html;0;0;0;0;0;1;1;0;0;0;0;0
pl\vagasdeemprego.html;0;0;0;0;0;1;1;0;0;0;0;0
pl\waterlow.html;0;0;0;0;0;1;1;0;0;0;0;0
pl\zarit.html;0;0;0;0;0;1;1;0;0;0;0;0
sv\5-hs-da-paradacardiorespiratoria.html;0;0;0;0;0;1;1;0;12;0;0;0
sv\aldrete.html;0;0;0;0;0;1;1;0;0;0;0;0
sv\apache.html;0;0;0;0;0;1;1;0;0;0;0;0
sv\apgar.html;0;0;0;0;0;1;1;0;0;0;0;0
sv\asa.html;0;0;0;0;0;1;1;0;0;0;0;0
sv\balancohidrico.html;0;0;0;0;0;1;1;0;0;0;0;0
sv\ballard.html;0;0;0;0;0;1;1;0;0;0;0;0
sv\barthel.html;0;0;0;0;0;1;1;0;0;0;0;0
sv\berg.html;0;0;0;0;0;1;1;0;0;0;0;0
sv\bishop.html;0;0;0;0;0;1;1;0;0;0;0;0
sv\bps.html;0;0;0;0;0;1;1;0;0;0;0;0
sv\braden.html;0;0;0;0;0;1;1;0;0;0;0;0
sv\calculadoravacina.html;0;0;0;0;0;1;1;0;0;0;0;0
sv\cam.html;0;0;0;0;0;1;1;0;0;0;0;0
sv\capurro.html;0;0;0;0;0;1;1;0;0;0;0;0
sv\cincinnati.html;0;0;0;0;0;1;1;0;0;0;0;0
sv\conteudos_da_pagina.html;0;0;0;0;0;1;1;0;21;0;0;0
sv\copsoq.html;0;0;0;0;0;1;1;0;0;0;0;0
sv\copsoq3.html;0;0;0;0;0;1;1;0;0;0;0;0
sv\cornell.html;0;0;0;0;0;1;1;0;0;0;0;0
sv\cries.html;0;0;0;0;0;1;1;0;0;0;0;0
sv\curb-65.html;0;0;0;0;0;1;1;0;0;0;0;0
sv\diagnosticosnanda.html;0;0;0;0;0;1;1;0;1;0;0;0
sv\downes.html;0;0;0;0;0;1;1;0;0;0;0;0
sv\downton.html;0;0;0;0;0;1;1;0;0;0;0;0
sv\elpo.html;0;0;0;0;0;1;1;0;0;0;0;0
sv\equipamentoscc.html;0;0;0;0;0;1;1;0;15;0;0;0
sv\escalanumerica.html;0;0;0;0;0;1;1;0;0;0;0;0
sv\escalas-de-enfermagem\centro-cirurgico\index.html;1;0;1;1;0;0;1;1;0;0;0;0
sv\escalas-de-enfermagem\dor\index.html;1;0;1;1;0;0;1;1;0;0;0;0
sv\escalas-de-enfermagem\funcionalidade\index.html;1;0;1;1;0;0;1;1;0;0;0;0
sv\escalas-de-enfermagem\geriatria\index.html;1;0;1;1;0;0;1;1;0;0;0;0
sv\escalas-de-enfermagem\gestao\index.html;1;0;1;1;0;0;1;1;0;0;0;0
sv\escalas-de-enfermagem\index.html;1;0;1;1;0;0;1;1;0;0;0;0
sv\escalas-de-enfermagem\lesao-por-pressao\index.html;1;0;1;1;0;0;1;1;0;0;0;0
sv\escalas-de-enfermagem\neonatologia\index.html;1;0;1;1;0;0;1;1;0;0;0;0
sv\escalas-de-enfermagem\neurologia\index.html;1;0;1;1;0;0;1;1;0;0;0;0
sv\escalas-de-enfermagem\obstetricia\index.html;1;0;1;1;0;0;1;1;0;0;0;0
sv\escalas-de-enfermagem\pneumologia\index.html;1;0;1;1;0;0;1;1;0;0;0;0
sv\escalas-de-enfermagem\seguranca-do-paciente\index.html;1;0;1;1;0;0;1;1;0;0;0;0
sv\escalas-de-enfermagem\terapia-intensiva\index.html;1;0;1;1;0;0;1;1;0;0;0;0
sv\escalas-de-enfermagem\urgencia-emergencia\index.html;1;0;1;1;0;0;1;1;0;0;0;0
sv\exames_laboratoriais.html;0;0;0;0;0;1;1;0;0;0;0;0
sv\fale.html;0;0;0;0;0;1;1;0;0;0;0;0
sv\fast.html;0;0;0;0;0;1;1;0;0;0;0;0
sv\flacc.html;0;0;0;0;0;1;1;0;0;0;0;0
sv\formulario-saep-enfermagem.html;0;0;0;0;0;1;1;0;0;0;0;0
sv\forum-enfermagem.html;0;0;0;0;0;0;0;0;7;3;0;5
sv\four.html;0;0;0;0;0;1;1;0;0;0;0;0
sv\fugulin.html;0;0;0;0;0;1;1;0;0;0;0;0
sv\gasometria.html;0;0;0;0;0;1;1;0;0;0;0;0
sv\gds.html;0;0;0;0;0;1;1;0;0;0;0;0
sv\gestacional.html;0;0;0;0;0;1;1;0;0;0;0;0
sv\glasgow.html;0;0;0;0;0;1;1;0;0;0;0;0
sv\gosnell.html;0;0;0;0;0;1;1;0;0;0;0;0
sv\gotejamento.html;0;0;0;0;0;1;1;0;0;0;0;0
sv\guia_rapido_dispositivos.html;0;0;0;0;0;0;0;0;15;0;0;0
sv\guia_rapido_seringa_insulina.html;0;0;0;0;0;1;1;0;2;0;0;0
sv\hamilton.html;0;0;0;0;0;1;1;0;0;0;0;0
sv\hendrich.html;0;0;0;0;0;1;1;0;0;0;0;0
sv\humpty.html;0;0;0;0;0;1;1;0;0;0;0;0
sv\imc.html;0;0;0;0;0;1;1;0;0;0;0;0
sv\index.html;0;0;0;0;0;1;1;0;100;0;0;0
sv\instrumentais-cirurgicos.html;0;0;0;0;0;1;1;0;161;0;0;0
sv\insulina.html;0;0;0;0;0;1;1;0;1;0;0;0
sv\integracoes_calculadora_de_gasometria.html;0;0;0;0;0;1;1;0;2;0;0;0
sv\integracoes_classificacao_wifi.html;0;0;0;0;0;1;1;0;0;0;0;0
sv\johns.html;0;0;0;0;0;1;1;0;0;0;0;0
sv\jouvet.html;0;0;0;0;0;1;1;0;0;0;0;0
sv\katz.html;0;0;0;0;0;1;1;0;0;0;0;0
sv\lachs.html;0;0;0;0;0;1;1;0;0;0;0;0
sv\lanss.html;0;0;0;0;0;1;1;0;0;0;0;0
sv\lawton.html;0;0;0;0;0;1;1;0;0;0;0;0
sv\lista-de-doencas-de-notificacao-compulsoria.html;0;0;0;0;0;1;1;0;0;0;0;0
sv\manchester.html;0;0;0;0;0;1;1;0;0;0;0;0
sv\mapa-do-site.html;0;0;0;0;0;1;1;0;0;0;0;0
sv\medicamentos.html;0;0;0;0;0;1;1;0;0;0;0;0
sv\meem.html;0;0;0;0;0;1;1;0;1;0;0;0
sv\meows.html;0;0;0;0;0;1;1;0;0;0;0;0
sv\missao.html;0;0;0;0;0;1;1;0;0;0;0;0
sv\moca.html;0;0;0;0;0;1;1;0;1;0;0;0
sv\morse.html;0;0;0;0;0;1;1;0;0;0;0;0
sv\nanda.html;0;0;0;0;0;1;1;0;4;0;0;0
sv\news.html;0;0;0;0;0;1;1;0;0;0;0;0
sv\nihss.html;0;0;0;0;0;1;1;0;0;0;0;0
sv\nips.html;0;0;0;0;0;1;1;0;0;0;0;0
sv\norton.html;0;0;0;0;0;1;1;0;0;0;0;0
sv\objetivo.html;0;0;0;0;0;1;1;0;3;0;0;0
sv\ofras.html;0;0;0;0;0;1;1;0;0;0;0;0
sv\painad.html;0;0;0;0;0;1;1;0;0;0;0;0
sv\partials\accessibility-toolbar.html;0;0;0;0;0;1;0;0;0;0;0;0
sv\partials\header.html;0;0;0;0;0;1;0;0;1;0;0;0
sv\pelod.html;0;0;0;0;0;1;1;0;0;0;0;0
sv\perroca.html;0;0;0;0;0;1;1;0;0;0;0;0
sv\pews.html;0;0;0;0;0;1;1;0;0;0;0;0
sv\politica.html;0;0;0;0;0;1;1;0;2;0;0;0
sv\prism.html;0;0;0;0;0;1;1;0;0;0;0;0
sv\qsofa.html;0;0;0;0;0;1;1;0;0;0;0;0
sv\ramsay.html;0;0;0;0;0;1;1;0;0;0;0;0
sv\rancholosamigos.html;0;0;0;0;0;1;1;0;0;0;0;0
sv\richmond.html;0;0;0;0;0;1;1;0;0;0;0;0
sv\saps.html;0;0;0;0;0;1;1;0;0;0;0;0
sv\sbar.html;0;0;0;0;0;1;1;0;0;0;0;0
sv\silverman.html;0;0;0;0;0;1;1;0;0;0;0;0
sv\sinan.html;0;0;0;0;0;1;1;0;5;0;0;0
sv\sofa.html;0;0;0;0;0;1;1;0;0;0;0;0
sv\tecnologiaverde.html;0;0;0;0;0;1;1;0;0;0;0;0
sv\termos.html;0;0;0;0;0;1;1;0;1;0;0;0
sv\tinetti.html;0;0;0;0;0;1;1;0;0;0;0;0
sv\vagasdeemprego.html;0;0;0;0;0;1;1;0;0;0;0;0
sv\waterlow.html;0;0;0;0;0;1;1;0;0;0;0;0
sv\zarit.html;0;0;0;0;0;1;1;0;0;0;0;0
id\aldrete.html;0;0;0;0;0;1;1;0;0;0;0;0
id\apache.html;0;0;0;0;0;1;1;0;0;0;0;0
id\apgar.html;0;0;0;0;0;1;1;0;0;0;0;0
id\asa.html;0;0;0;0;0;1;1;0;0;0;0;0
id\balancohidrico.html;0;0;0;0;0;1;1;0;0;0;0;0
id\ballard.html;0;0;0;0;0;1;1;0;0;0;0;0
id\barthel.html;0;0;0;0;0;1;1;0;0;0;0;0
id\berg.html;0;0;0;0;0;1;1;0;0;0;0;0
id\bishop.html;0;0;0;0;0;1;1;0;0;0;0;0
id\bps.html;0;0;0;0;0;1;1;0;0;0;0;0
id\braden.html;0;0;0;0;0;1;1;0;0;0;0;0
id\cam.html;0;0;0;0;0;1;1;0;0;0;0;0
id\capurro.html;0;0;0;0;0;1;1;0;0;0;0;0
id\cincinnati.html;0;0;0;0;0;1;1;0;0;0;0;0
id\conteudos_da_pagina.html;0;0;0;0;0;1;1;0;21;0;0;0
id\copsoq.html;0;0;0;0;0;1;1;0;0;0;0;0
id\copsoq3.html;0;0;0;0;0;1;1;0;0;0;0;0
id\cornell.html;0;0;0;0;0;1;1;0;0;0;0;0
id\cries.html;0;0;0;0;0;1;1;0;0;0;0;0
id\curb-65.html;0;0;0;0;0;1;1;0;0;0;0;0
id\diagnosticosnanda.html;0;0;0;0;0;1;1;0;1;0;0;0
id\downes.html;0;0;0;0;0;1;1;0;0;0;0;0
id\downton.html;0;0;0;0;0;1;1;0;0;0;0;0
id\elpo.html;0;0;0;0;0;1;1;0;0;0;0;0
id\equipamentoscc.html;0;0;0;0;0;1;1;0;15;0;0;0
id\escalanumerica.html;0;0;0;0;0;1;1;0;0;0;0;0
id\escalas-de-enfermagem\centro-cirurgico\index.html;1;0;1;1;0;0;1;1;0;0;0;0
id\escalas-de-enfermagem\dor\index.html;1;0;1;1;0;0;1;1;0;0;0;0
id\escalas-de-enfermagem\funcionalidade\index.html;1;0;1;1;0;0;1;1;0;0;0;0
id\escalas-de-enfermagem\geriatria\index.html;1;0;1;1;0;0;1;1;0;0;0;0
id\escalas-de-enfermagem\gestao\index.html;1;0;1;1;0;0;1;1;0;0;0;0
id\escalas-de-enfermagem\index.html;1;0;1;1;0;0;1;1;0;0;0;0
id\escalas-de-enfermagem\lesao-por-pressao\index.html;1;0;1;1;0;0;1;1;0;0;0;0
id\escalas-de-enfermagem\neonatologia\index.html;1;0;1;1;0;0;1;1;0;0;0;0
id\escalas-de-enfermagem\neurologia\index.html;1;0;1;1;0;0;1;1;0;0;0;0
id\escalas-de-enfermagem\obstetricia\index.html;1;0;1;1;0;0;1;1;0;0;0;0
id\escalas-de-enfermagem\pneumologia\index.html;1;0;1;1;0;0;1;1;0;0;0;0
id\escalas-de-enfermagem\seguranca-do-paciente\index.html;1;0;1;1;0;0;1;1;0;0;0;0
id\escalas-de-enfermagem\terapia-intensiva\index.html;1;0;1;1;0;0;1;1;0;0;0;0
id\escalas-de-enfermagem\urgencia-emergencia\index.html;1;0;1;1;0;0;1;1;0;0;0;0
id\exames_laboratoriais.html;0;0;0;0;0;1;1;0;0;0;0;0
id\fale.html;0;0;0;0;0;1;1;0;0;0;0;0
id\fast.html;0;0;0;0;0;1;1;0;0;0;0;0
id\flacc.html;0;0;0;0;0;1;1;0;0;0;0;0
id\formulario-saep-enfermagem.html;0;0;0;0;0;1;1;0;0;0;0;0
id\forum-enfermagem.html;0;0;0;0;0;0;0;0;7;3;0;5
id\four.html;0;0;0;0;0;1;1;0;0;0;0;0
id\fugulin.html;0;0;0;0;0;1;1;0;0;0;0;0
id\gasometria.html;0;0;0;0;0;1;1;0;0;0;0;0
id\gds.html;0;0;0;0;0;1;1;0;0;0;0;0
id\gestacional.html;0;0;0;0;0;1;1;0;0;0;0;0
id\glasgow.html;0;0;0;0;0;1;1;0;0;0;0;0
id\gosnell.html;0;0;0;0;0;1;1;0;0;0;0;0
id\gotejamento.html;0;0;0;0;0;1;1;0;0;0;0;0
id\guia_rapido_dispositivos.html;0;0;0;0;0;1;1;0;13;0;0;0
id\guia_rapido_seringa_insulina.html;0;0;0;0;0;1;1;0;2;0;0;0
id\hamilton.html;0;0;0;0;0;1;1;0;0;0;0;0
id\hendrich.html;0;0;0;0;0;1;1;0;0;0;0;0
id\humpty.html;0;0;0;0;0;1;1;0;0;0;0;0
id\imc.html;0;0;0;0;0;1;1;0;0;0;0;0
id\index.html;0;0;0;0;0;1;1;0;101;0;0;0
id\instrumentais-cirurgicos.html;0;0;0;0;0;1;1;0;161;0;0;0
id\insulina.html;0;0;0;0;0;1;1;0;1;0;0;0
id\integracoes_calculadora_de_gasometria.html;0;0;0;0;0;1;1;0;2;0;0;0
id\integracoes_classificacao_wifi.html;0;0;0;0;0;1;1;0;0;0;0;0
id\johns.html;0;0;0;0;0;1;1;0;0;0;0;0
id\jouvet.html;0;0;0;0;0;1;1;0;0;0;0;0
id\katz.html;0;0;0;0;0;1;1;0;0;0;0;0
id\lachs.html;0;0;0;0;0;1;1;0;0;0;0;0
id\lanss.html;0;0;0;0;0;1;1;0;0;0;0;0
id\lawton.html;0;0;0;0;0;1;1;0;0;0;0;0
id\manchester.html;0;0;0;0;0;1;1;0;0;0;0;0
id\mapa-do-site.html;0;0;0;0;0;1;1;0;0;0;0;0
id\medicamentos.html;0;0;0;0;0;1;1;0;0;0;0;0
id\meem.html;0;0;0;0;0;1;1;0;1;0;0;0
id\meows.html;0;0;0;0;0;1;1;0;0;0;0;0
id\missao.html;0;0;0;0;0;1;1;0;0;0;0;0
id\moca.html;0;0;0;0;0;1;1;0;1;0;0;0
id\morse.html;0;0;0;0;0;1;1;0;0;0;0;0
id\nanda.html;0;0;0;0;0;1;1;0;4;0;0;0
id\news.html;0;0;0;0;0;1;1;0;0;0;0;0
id\nihss.html;0;0;0;0;0;1;1;0;0;0;0;0
id\nips.html;0;0;0;0;0;1;1;0;0;0;0;0
id\norton.html;0;0;0;0;0;1;1;0;0;0;0;0
id\objetivo.html;0;0;0;0;0;1;1;0;3;0;0;0
id\ofras.html;0;0;0;0;0;1;1;0;0;0;0;0
id\painad.html;0;0;0;0;0;1;1;0;0;0;0;0
id\pelod.html;0;0;0;0;0;1;1;0;0;0;0;0
id\perroca.html;0;0;0;0;0;1;1;0;0;0;0;0
id\pews.html;0;0;0;0;0;1;1;0;0;0;0;0
id\politica.html;0;0;0;0;0;1;1;0;2;0;0;0
id\prism.html;0;0;0;0;0;1;1;0;0;0;0;0
id\qsofa.html;0;0;0;0;0;1;1;0;0;0;0;0
id\ramsay.html;0;0;0;0;0;1;1;0;0;0;0;0
id\rancholosamigos.html;0;0;0;0;0;1;1;0;0;0;0;0
id\richmond.html;0;0;0;0;0;1;1;0;0;0;0;0
id\saps.html;0;0;0;0;0;1;1;0;0;0;0;0
id\sbar.html;0;0;0;0;0;1;1;0;0;0;0;0
id\silverman.html;0;0;0;0;0;1;1;0;0;0;0;0
id\sofa.html;0;0;0;0;0;1;1;0;0;0;0;0
id\tecnologiaverde.html;0;0;0;0;0;1;1;0;0;0;0;0
id\termos.html;0;0;0;0;0;1;1;0;1;0;0;0
id\tinetti.html;0;0;0;0;0;1;1;0;0;0;0;0
id\waterlow.html;0;0;0;0;0;1;1;0;0;0;0;0
id\zarit.html;0;0;0;0;0;1;1;0;0;0;0;0
vi\5-hs-da-paradacardiorespiratoria.html;0;0;0;0;0;1;1;0;6;0;0;0
vi\aldrete.html;0;0;0;0;0;1;1;0;0;0;0;0
vi\apache.html;0;0;0;0;0;1;1;0;0;0;0;0
vi\apgar.html;0;0;0;0;0;1;1;0;0;0;0;0
vi\asa.html;0;0;0;0;0;1;1;0;0;0;0;0
vi\balancohidrico.html;0;0;0;0;0;1;1;0;0;0;0;0
vi\ballard.html;0;0;0;0;0;1;1;0;0;0;0;0
vi\barthel.html;0;0;0;0;0;1;1;0;0;0;0;0
vi\berg.html;0;0;0;0;0;1;1;0;0;0;0;0
vi\bishop.html;0;0;0;0;0;1;1;0;0;0;0;0
vi\bps.html;0;0;0;0;0;1;1;0;0;0;0;0
vi\braden.html;0;0;0;0;0;1;1;0;0;0;0;0
vi\calculadoravacina.html;0;0;0;0;0;1;1;0;0;0;0;0
vi\cam.html;0;0;0;0;0;1;1;0;0;0;0;0
vi\capurro.html;0;0;0;0;0;1;1;0;0;0;0;0
vi\cincinnati.html;0;0;0;0;0;1;1;0;0;0;0;0
vi\conteudos_da_pagina.html;0;0;0;0;0;1;1;0;21;0;0;0
vi\copsoq.html;0;0;0;0;0;1;1;0;0;0;0;0
vi\copsoq3.html;0;0;0;0;0;1;1;0;0;0;0;0
vi\cornell.html;0;0;0;0;0;1;1;0;0;0;0;0
vi\cries.html;0;0;0;0;0;1;1;0;0;0;0;0
vi\curb-65.html;0;0;0;0;0;1;1;0;0;0;0;0
vi\diagnosticosnanda.html;0;0;0;0;0;1;1;0;1;0;0;0
vi\downes.html;0;0;0;0;0;1;1;0;0;0;0;0
vi\downton.html;0;0;0;0;0;1;1;0;0;0;0;0
vi\elpo.html;0;0;0;0;0;1;1;0;0;0;0;0
vi\equipamentoscc.html;0;0;0;0;0;1;1;0;15;0;0;0
vi\escalanumerica.html;0;0;0;0;0;1;1;0;0;0;0;0
vi\escalas-de-enfermagem\centro-cirurgico\index.html;1;0;1;1;0;0;1;1;0;0;0;0
vi\escalas-de-enfermagem\dor\index.html;1;0;1;1;0;0;1;1;0;0;0;0
vi\escalas-de-enfermagem\funcionalidade\index.html;1;0;1;1;0;0;1;1;0;0;0;0
vi\escalas-de-enfermagem\geriatria\index.html;1;0;1;1;0;0;1;1;0;0;0;0
vi\escalas-de-enfermagem\gestao\index.html;1;0;1;1;0;0;1;1;0;0;0;0
vi\escalas-de-enfermagem\index.html;1;0;1;1;0;0;1;1;0;0;0;0
vi\escalas-de-enfermagem\lesao-por-pressao\index.html;1;0;1;1;0;0;1;1;0;0;0;0
vi\escalas-de-enfermagem\neonatologia\index.html;1;0;1;1;0;0;1;1;0;0;0;0
vi\escalas-de-enfermagem\neurologia\index.html;1;0;1;1;0;0;1;1;0;0;0;0
vi\escalas-de-enfermagem\obstetricia\index.html;1;0;1;1;0;0;1;1;0;0;0;0
vi\escalas-de-enfermagem\pneumologia\index.html;1;0;1;1;0;0;1;1;0;0;0;0
vi\escalas-de-enfermagem\seguranca-do-paciente\index.html;1;0;1;1;0;0;1;1;0;0;0;0
vi\escalas-de-enfermagem\terapia-intensiva\index.html;1;0;1;1;0;0;1;1;0;0;0;0
vi\escalas-de-enfermagem\urgencia-emergencia\index.html;1;0;1;1;0;0;1;1;0;0;0;0
vi\exames_laboratoriais.html;0;0;0;0;0;1;1;0;0;0;0;0
vi\fale.html;0;0;0;0;0;1;1;0;0;0;0;0
vi\fast.html;0;0;0;0;0;1;1;0;0;0;0;0
vi\flacc.html;0;0;0;0;0;1;1;0;0;0;0;0
vi\formulario-saep-enfermagem.html;0;0;0;0;0;1;1;0;0;0;0;0
vi\forum-enfermagem.html;0;0;0;0;0;0;0;0;7;3;0;5
vi\four.html;0;0;0;0;0;1;1;0;0;0;0;0
vi\fugulin.html;0;0;0;0;0;1;1;0;0;0;0;0
vi\gasometria.html;0;0;0;0;0;1;1;0;0;0;0;0
vi\gds.html;0;0;0;0;0;1;1;0;0;0;0;0
vi\gestacional.html;0;0;0;0;0;1;1;0;0;0;0;0
vi\glasgow.html;0;0;0;0;0;1;1;0;0;0;0;0
vi\gosnell.html;0;0;0;0;0;1;1;0;0;0;0;0
vi\gotejamento.html;0;0;0;0;0;1;1;0;0;0;0;0
vi\guia_rapido_dispositivos.html;0;0;0;0;0;1;1;0;13;0;0;0
vi\guia_rapido_seringa_insulina.html;0;0;0;0;0;1;1;0;2;0;0;0
vi\hamilton.html;0;0;0;0;0;1;1;0;0;0;0;0
vi\hendrich.html;0;0;0;0;0;1;1;0;0;0;0;0
vi\humpty.html;0;0;0;0;0;1;1;0;0;0;0;0
vi\imc.html;0;0;0;0;0;1;1;0;0;0;0;0
vi\index.html;0;0;0;0;0;1;1;0;101;0;0;0
vi\instrumentais-cirurgicos.html;0;0;0;0;0;1;1;0;161;0;0;0
vi\insulina.html;0;0;0;0;0;1;1;0;1;0;0;0
vi\integracoes_calculadora_de_gasometria.html;0;0;0;0;0;1;1;0;2;0;0;0
vi\integracoes_classificacao_wifi.html;0;0;0;0;0;1;1;0;0;0;0;0
vi\johns.html;0;0;0;0;0;1;1;0;0;0;0;0
vi\jouvet.html;0;0;0;0;0;1;1;0;0;0;0;0
vi\katz.html;0;0;0;0;0;1;1;0;0;0;0;0
vi\lachs.html;0;0;0;0;0;1;1;0;0;0;0;0
vi\lanss.html;0;0;0;0;0;1;1;0;0;0;0;0
vi\lawton.html;0;0;0;0;0;1;1;0;0;0;0;0
vi\lista-de-doencas-de-notificacao-compulsoria.html;0;0;0;0;0;1;1;0;0;0;0;0
vi\manchester.html;0;0;0;0;0;1;1;0;0;0;0;0
vi\mapa-do-site.html;0;0;0;0;0;1;1;0;0;0;0;0
vi\medicamentos.html;0;0;0;0;0;1;1;0;0;0;0;0
vi\meem.html;0;0;0;0;0;1;1;0;1;0;0;0
vi\meows.html;0;0;0;0;0;1;1;0;0;0;0;0
vi\missao.html;0;0;0;0;0;1;1;0;0;0;0;0
vi\moca.html;0;0;0;0;0;1;1;0;1;0;0;0
vi\morse.html;0;0;0;0;0;1;1;0;0;0;0;0
vi\nanda.html;0;0;0;0;0;1;1;0;4;0;0;0
vi\news.html;0;0;0;0;0;1;1;0;0;0;0;0
vi\nihss.html;0;0;0;0;0;1;1;0;0;0;0;0
vi\nips.html;0;0;0;0;0;1;1;0;0;0;0;0
vi\norton.html;0;0;0;0;0;1;1;0;0;0;0;0
vi\objetivo.html;0;0;0;0;0;1;1;0;3;0;0;0
vi\ofras.html;0;0;0;0;0;1;1;0;0;0;0;0
vi\painad.html;0;0;0;0;0;1;1;0;0;0;0;0
vi\pelod.html;0;0;0;0;0;1;1;0;0;0;0;0
vi\perroca.html;0;0;0;0;0;1;1;0;0;0;0;0
vi\pews.html;0;0;0;0;0;1;1;0;0;0;0;0
vi\politica.html;0;0;0;0;0;1;1;0;2;0;0;0
vi\prism.html;0;0;0;0;0;1;1;0;0;0;0;0
vi\qsofa.html;0;0;0;0;0;1;1;0;0;0;0;0
vi\ramsay.html;0;0;0;0;0;1;1;0;0;0;0;0
vi\rancholosamigos.html;0;0;0;0;0;1;1;0;0;0;0;0
vi\richmond.html;0;0;0;0;0;1;1;0;0;0;0;0
vi\saps.html;0;0;0;0;0;1;1;0;0;0;0;0
vi\sbar.html;0;0;0;0;0;1;1;0;0;0;0;0
vi\silverman.html;0;0;0;0;0;1;1;0;0;0;0;0
vi\sinan.html;0;0;0;0;0;1;1;0;5;0;0;0
vi\sofa.html;0;0;0;0;0;1;1;0;0;0;0;0
vi\tecnologiaverde.html;0;0;0;0;0;1;1;0;0;0;0;0
vi\termos.html;0;0;0;0;0;1;1;0;1;0;0;0
vi\tinetti.html;0;0;0;0;0;1;1;0;0;0;0;0
vi\vagasdeemprego.html;0;0;0;0;0;1;1;0;0;0;0;0
vi\waterlow.html;0;0;0;0;0;1;1;0;0;0;0;0
vi\zarit.html;0;0;0;0;0;1;1;0;0;0;0;0
uk\5-hs-da-paradacardiorespiratoria.html;0;0;0;0;0;1;1;0;6;0;0;0
uk\aldrete.html;0;0;0;0;0;1;1;0;0;0;0;0
uk\apache.html;0;0;0;0;0;1;1;0;0;0;0;0
uk\apgar.html;0;0;0;0;0;1;1;0;0;0;0;0
uk\asa.html;0;0;0;0;0;1;1;0;0;0;0;0
uk\balancohidrico.html;0;0;0;0;0;1;1;0;0;0;0;0
uk\ballard.html;0;0;0;0;0;1;1;0;0;0;0;0
uk\barthel.html;0;0;0;0;0;1;1;0;0;0;0;0
uk\berg.html;0;0;0;0;0;1;1;0;0;0;0;0
uk\bishop.html;0;0;0;0;0;1;1;0;0;0;0;0
uk\bps.html;0;0;0;0;0;1;1;0;0;0;0;0
uk\braden.html;0;0;0;0;0;1;1;0;0;0;0;0
uk\calculadoravacina.html;0;0;0;0;0;1;1;0;0;0;0;0
uk\cam.html;0;0;0;0;0;1;1;0;0;0;0;0
uk\capurro.html;0;0;0;0;0;1;1;0;0;0;0;0
uk\cincinnati.html;0;0;0;0;0;1;1;0;0;0;0;0
uk\conteudos_da_pagina.html;0;0;0;0;0;1;1;0;21;0;0;0
uk\copsoq.html;0;0;0;0;0;1;1;0;0;0;0;0
uk\copsoq3.html;0;0;0;0;0;1;1;0;0;0;0;0
uk\cornell.html;0;0;0;0;0;1;1;0;0;0;0;0
uk\cries.html;0;0;0;0;0;1;1;0;0;0;0;0
uk\curb-65.html;0;0;0;0;0;1;1;0;0;0;0;0
uk\diagnosticosnanda.html;0;0;0;0;0;1;1;0;1;0;0;0
uk\downes.html;0;0;0;0;0;1;1;0;0;0;0;0
uk\downton.html;0;0;0;0;0;1;1;0;0;0;0;0
uk\elpo.html;0;0;0;0;0;1;1;0;0;0;0;0
uk\equipamentoscc.html;0;0;0;0;0;1;1;0;15;0;0;0
uk\escalanumerica.html;0;0;0;0;0;1;1;0;0;0;0;0
uk\escalas-de-enfermagem\centro-cirurgico\index.html;1;0;1;1;0;0;1;1;0;0;0;0
uk\escalas-de-enfermagem\dor\index.html;1;0;1;1;0;0;1;1;0;0;0;0
uk\escalas-de-enfermagem\funcionalidade\index.html;1;0;1;1;0;0;1;1;0;0;0;0
uk\escalas-de-enfermagem\geriatria\index.html;1;0;1;1;0;0;1;1;0;0;0;0
uk\escalas-de-enfermagem\gestao\index.html;1;0;1;1;0;0;1;1;0;0;0;0
uk\escalas-de-enfermagem\index.html;1;0;1;1;0;0;1;1;0;0;0;0
uk\escalas-de-enfermagem\lesao-por-pressao\index.html;1;0;1;1;0;0;1;1;0;0;0;0
uk\escalas-de-enfermagem\neonatologia\index.html;1;0;1;1;0;0;1;1;0;0;0;0
uk\escalas-de-enfermagem\neurologia\index.html;1;0;1;1;0;0;1;1;0;0;0;0
uk\escalas-de-enfermagem\obstetricia\index.html;1;0;1;1;0;0;1;1;0;0;0;0
uk\escalas-de-enfermagem\pneumologia\index.html;1;0;1;1;0;0;1;1;0;0;0;0
uk\escalas-de-enfermagem\seguranca-do-paciente\index.html;1;0;1;1;0;0;1;1;0;0;0;0
uk\escalas-de-enfermagem\terapia-intensiva\index.html;1;0;1;1;0;0;1;1;0;0;0;0
uk\escalas-de-enfermagem\urgencia-emergencia\index.html;1;0;1;1;0;0;1;1;0;0;0;0
uk\exames_laboratoriais.html;0;0;0;0;0;1;1;0;0;0;0;0
uk\fale.html;0;0;0;0;0;1;1;0;0;0;0;0
uk\fast.html;0;0;0;0;0;1;1;0;0;0;0;0
uk\flacc.html;0;0;0;0;0;1;1;0;0;0;0;0
uk\formulario-saep-enfermagem.html;0;0;0;0;0;1;1;0;0;0;0;0
uk\forum-enfermagem.html;0;0;0;0;0;0;0;0;7;3;0;5
uk\four.html;0;0;0;0;0;1;1;0;0;0;0;0
uk\fugulin.html;0;0;0;0;0;1;1;0;0;0;0;0
uk\gasometria.html;0;0;0;0;0;1;1;0;0;0;0;0
uk\gds.html;0;0;0;0;0;1;1;0;0;0;0;0
uk\gestacional.html;0;0;0;0;0;1;1;0;0;0;0;0
uk\glasgow.html;0;0;0;0;0;1;1;0;0;0;0;0
uk\gosnell.html;0;0;0;0;0;1;1;0;0;0;0;0
uk\gotejamento.html;0;0;0;0;0;1;1;0;0;0;0;0
uk\guia_rapido_dispositivos.html;0;0;0;0;0;1;1;0;13;0;0;0
uk\guia_rapido_seringa_insulina.html;0;0;0;0;0;1;1;0;2;0;0;0
uk\hamilton.html;0;0;0;0;0;1;1;0;0;0;0;0
uk\hendrich.html;0;0;0;0;0;1;1;0;0;0;0;0
uk\humpty.html;0;0;0;0;0;1;1;0;0;0;0;0
uk\imc.html;0;0;0;0;0;1;1;0;0;0;0;0
uk\index.html;0;0;0;0;0;1;1;0;101;0;0;0
uk\instrumentais-cirurgicos.html;0;0;0;0;0;1;1;0;161;0;0;0
uk\insulina.html;0;0;0;0;0;1;1;0;1;0;0;0
uk\integracoes_calculadora_de_gasometria.html;0;0;0;0;0;1;1;0;2;0;0;0
uk\integracoes_classificacao_wifi.html;0;0;0;0;0;1;1;0;0;0;0;0
uk\johns.html;0;0;0;0;0;1;1;0;0;0;0;0
uk\jouvet.html;0;0;0;0;0;1;1;0;0;0;0;0
uk\katz.html;0;0;0;0;0;1;1;0;0;0;0;0
uk\lachs.html;0;0;0;0;0;1;1;0;0;0;0;0
uk\lanss.html;0;0;0;0;0;1;1;0;0;0;0;0
uk\lawton.html;0;0;0;0;0;1;1;0;0;0;0;0
uk\lista-de-doencas-de-notificacao-compulsoria.html;0;0;0;0;0;1;1;0;0;0;0;0
uk\manchester.html;0;0;0;0;0;1;1;0;0;0;0;0
uk\mapa-do-site.html;0;0;0;0;0;1;1;0;0;0;0;0
uk\medicamentos.html;0;0;0;0;0;1;1;0;0;0;0;0
uk\meem.html;0;0;0;0;0;1;1;0;1;0;0;0
uk\meows.html;0;0;0;0;0;1;1;0;0;0;0;0
uk\missao.html;0;0;0;0;0;1;1;0;0;0;0;0
uk\moca.html;0;0;0;0;0;1;1;0;1;0;0;0
uk\morse.html;0;0;0;0;0;1;1;0;0;0;0;0
uk\nanda.html;0;0;0;0;0;1;1;0;4;0;0;0
uk\news.html;0;0;0;0;0;1;1;0;0;0;0;0
uk\nihss.html;0;0;0;0;0;1;1;0;0;0;0;0
uk\nips.html;0;0;0;0;0;1;1;0;0;0;0;0
uk\norton.html;0;0;0;0;0;1;1;0;0;0;0;0
uk\objetivo.html;0;0;0;0;0;1;1;0;3;0;0;0
uk\ofras.html;0;0;0;0;0;1;1;0;0;0;0;0
uk\painad.html;0;0;0;0;0;1;1;0;0;0;0;0
uk\pelod.html;0;0;0;0;0;1;1;0;0;0;0;0
uk\perroca.html;0;0;0;0;0;1;1;0;0;0;0;0
uk\pews.html;0;0;0;0;0;1;1;0;0;0;0;0
uk\politica.html;0;0;0;0;0;1;1;0;2;0;0;0
uk\prism.html;0;0;0;0;0;1;1;0;0;0;0;0
uk\qsofa.html;0;0;0;0;0;1;1;0;0;0;0;0
uk\ramsay.html;0;0;0;0;0;1;1;0;0;0;0;0
uk\rancholosamigos.html;0;0;0;0;0;1;1;0;0;0;0;0
uk\richmond.html;0;0;0;0;0;1;1;0;0;0;0;0
uk\saps.html;0;0;0;0;0;1;1;0;0;0;0;0
uk\sbar.html;0;0;0;0;0;1;1;0;0;0;0;0
uk\silverman.html;0;0;0;0;0;1;1;0;0;0;0;0
uk\sinan.html;0;0;0;0;0;1;1;0;5;0;0;0
uk\sofa.html;0;0;0;0;0;1;1;0;0;0;0;0
uk\tecnologiaverde.html;0;0;0;0;0;1;1;0;0;0;0;0
uk\termos.html;0;0;0;0;0;1;1;0;1;0;0;0
uk\tinetti.html;0;0;0;0;0;1;1;0;0;0;0;0
uk\vagasdeemprego.html;0;0;0;0;0;1;1;0;0;0;0;0
uk\waterlow.html;0;0;0;0;0;1;1;0;0;0;0;0
uk\zarit.html;0;0;0;0;0;1;1;0;0;0;0;0