ferramenta,tipo_template,recurso,peso
Biblioteca de Provas,educacional,quiz,2
Biblioteca de Provas,educacional,simulado,3
Biblioteca de Provas,educacional,flashcards,1
Biblioteca de Provas,educacional,biblioteca,2
COPSOQ II,escala,calculadora,3
COPSOQ II,escala,artigo,1
COPSOQ II,escala,quiz,2
COPSOQ II,escala,guia_bolso,1
COPSOQ II,escala,flashcards,1
COPSOQ II,escala,caso_clinico,2
COPSOQ II,escala,checklist,2
COPSOQ II,escala,slides,1
COPSOQ II,escala,infografico,1
COPSOQ II,escala,biblioteca,2
COPSOQ III,escala,calculadora,3
COPSOQ III,escala,artigo,1
COPSOQ III,escala,quiz,2
COPSOQ III,escala,guia_bolso,1
COPSOQ III,escala,flashcards,1
COPSOQ III,escala,caso_clinico,2
COPSOQ III,escala,checklist,2
COPSOQ III,escala,slides,1
COPSOQ III,escala,infografico,1
COPSOQ III,escala,biblioteca,2
Calculadora Adicional Noturno,calculadora,calculadora,3
Calculadora Adicional Noturno,calculadora,artigo,1
Calculadora Adicional Noturno,calculadora,quiz,2
Calculadora Adicional Noturno,calculadora,guia_bolso,1
Calculadora Adicional Noturno,calculadora,flashcards,1
Calculadora Adicional Noturno,calculadora,checklist,2
Calculadora Adicional Noturno,calculadora,caso_clinico,2
Calculadora Adicional Noturno,calculadora,slides,1
Calculadora Adicional Noturno,calculadora,infografico,1
Calculadora Adicional Noturno,calculadora,mapa_mental,1
Calculadora Adicional Noturno,calculadora,simulado,3
Calculadora Adicional Noturno,calculadora,biblioteca,2
Calculadora Horas Extras,calculadora,calculadora,3
Calculadora Horas Extras,calculadora,artigo,1
Calculadora Horas Extras,calculadora,quiz,2
Calculadora Horas Extras,calculadora,guia_bolso,1
Calculadora Horas Extras,calculadora,flashcards,1
Calculadora Horas Extras,calculadora,checklist,2
Calculadora Horas Extras,calculadora,caso_clinico,2
Calculadora Horas Extras,calculadora,slides,1
Calculadora Horas Extras,calculadora,infografico,1
Calculadora Horas Extras,calculadora,mapa_mental,1
Calculadora Horas Extras,calculadora,simulado,3
Calculadora Horas Extras,calculadora,biblioteca,2
Calculadora Rescisao,calculadora,calculadora,3
Calculadora Rescisao,calculadora,artigo,1
Calculadora Rescisao,calculadora,quiz,2
Calculadora Rescisao,calculadora,guia_bolso,1
Calculadora Rescisao,calculadora,flashcards,1
Calculadora Rescisao,calculadora,checklist,2
Calculadora Rescisao,calculadora,caso_clinico,2
Calculadora Rescisao,calculadora,slides,1
Calculadora Rescisao,calculadora,infografico,1
Calculadora Rescisao,calculadora,mapa_mental,1
Calculadora Rescisao,calculadora,simulado,3
Calculadora Rescisao,calculadora,biblioteca,2
Calculadora de Exames Laboratoriais,calculadora,calculadora,3
Calculadora de Exames Laboratoriais,calculadora,artigo,1
Calculadora de Exames Laboratoriais,calculadora,quiz,2
Calculadora de Exames Laboratoriais,calculadora,guia_bolso,1
Calculadora de Exames Laboratoriais,calculadora,flashcards,1
Calculadora de Exames Laboratoriais,calculadora,checklist,2
Calculadora de Exames Laboratoriais,calculadora,caso_clinico,2
Calculadora de Exames Laboratoriais,calculadora,slides,1
Calculadora de Exames Laboratoriais,calculadora,infografico,1
Calculadora de Exames Laboratoriais,calculadora,mapa_mental,1
Calculadora de Exames Laboratoriais,calculadora,simulado,3
Calculadora de Exames Laboratoriais,calculadora,biblioteca,2
Calculadora de Ferias,calculadora,calculadora,3
Calculadora de Ferias,calculadora,artigo,1
Calculadora de Ferias,calculadora,quiz,2
Calculadora de Ferias,calculadora,guia_bolso,1
Calculadora de Ferias,calculadora,flashcards,1
Calculadora de Ferias,calculadora,checklist,2
Calculadora de Ferias,calculadora,caso_clinico,2
Calculadora de Ferias,calculadora,slides,1
Calculadora de Ferias,calculadora,infografico,1
Calculadora de Ferias,calculadora,mapa_mental,1
Calculadora de Ferias,calculadora,simulado,3
Calculadora de Ferias,calculadora,biblioteca,2
Calculo de Medicamentos,calculadora,calculadora,3
Calculo de Medicamentos,calculadora,artigo,1
Calculo de Medicamentos,calculadora,quiz,2
Calculo de Medicamentos,calculadora,guia_bolso,1
Calculo de Medicamentos,calculadora,flashcards,1
Calculo de Medicamentos,calculadora,checklist,2
Calculo de Medicamentos,calculadora,caso_clinico,2
Calculo de Medicamentos,calculadora,slides,1
Calculo de Medicamentos,calculadora,infografico,1
Calculo de Medicamentos,calculadora,mapa_mental,1
Calculo de Medicamentos,calculadora,simulado,3
Calculo de Medicamentos,calculadora,biblioteca,2
Classif. Perroca (SCP),escala,calculadora,3
Classif. Perroca (SCP),escala,artigo,1
Classif. Perroca (SCP),escala,quiz,2
Classif. Perroca (SCP),escala,guia_bolso,1
Classif. Perroca (SCP),escala,flashcards,1
Classif. Perroca (SCP),escala,caso_clinico,2
Classif. Perroca (SCP),escala,checklist,2
Classif. Perroca (SCP),escala,slides,1
Classif. Perroca (SCP),escala,infografico,1
Classif. Perroca (SCP),escala,biblioteca,2
Diagnosticos NANDA,ferramenta,artigo,1
Diagnosticos NANDA,ferramenta,guia_bolso,1
Diagnosticos NANDA,ferramenta,checklist,2
Diagnosticos NANDA,ferramenta,biblioteca,2
Dimensionamento de Enfermagem,calculadora,calculadora,3
Dimensionamento de Enfermagem,calculadora,artigo,1
Dimensionamento de Enfermagem,calculadora,quiz,2
Dimensionamento de Enfermagem,calculadora,guia_bolso,1
Dimensionamento de Enfermagem,calculadora,flashcards,1
Dimensionamento de Enfermagem,calculadora,checklist,2
Dimensionamento de Enfermagem,calculadora,caso_clinico,2
Dimensionamento de Enfermagem,calculadora,slides,1
Dimensionamento de Enfermagem,calculadora,infografico,1
Dimensionamento de Enfermagem,calculadora,mapa_mental,1
Dimensionamento de Enfermagem,calculadora,simulado,3
Dimensionamento de Enfermagem,calculadora,biblioteca,2
Doencas de Notificacao Compulsoria,ferramenta,artigo,1
Doencas de Notificacao Compulsoria,ferramenta,guia_bolso,1
Doencas de Notificacao Compulsoria,ferramenta,checklist,2
Doencas de Notificacao Compulsoria,ferramenta,biblioteca,2
Escala BERG (BBS),escala,calculadora,3
Escala BERG (BBS),escala,artigo,1
Escala BERG (BBS),escala,quiz,2
Escala BERG (BBS),escala,guia_bolso,1
Escala BERG (BBS),escala,flashcards,1
Escala BERG (BBS),escala,caso_clinico,2
Escala BERG (BBS),escala,checklist,2
Escala BERG (BBS),escala,slides,1
Escala BERG (BBS),escala,infografico,1
Escala BERG (BBS),escala,biblioteca,2
Escala BPS,escala,calculadora,3
Escala BPS,escala,artigo,1
Escala BPS,escala,quiz,2
Escala BPS,escala,guia_bolso,1
Escala BPS,escala,flashcards,1
Escala BPS,escala,caso_clinico,2
Escala BPS,escala,checklist,2
Escala BPS,escala,slides,1
Escala BPS,escala,infografico,1
Escala BPS,escala,biblioteca,2
Escala CAM-ICU,escala,calculadora,3
Escala CAM-ICU,escala,artigo,1
Escala CAM-ICU,escala,quiz,2
Escala CAM-ICU,escala,guia_bolso,1
Escala CAM-ICU,escala,flashcards,1
Escala CAM-ICU,escala,caso_clinico,2
Escala CAM-ICU,escala,checklist,2
Escala CAM-ICU,escala,slides,1
Escala CAM-ICU,escala,infografico,1
Escala CAM-ICU,escala,biblioteca,2
Escala CURB-65,escala,calculadora,3
Escala CURB-65,escala,artigo,1
Escala CURB-65,escala,quiz,2
Escala CURB-65,escala,guia_bolso,1
Escala CURB-65,escala,flashcards,1
Escala CURB-65,escala,caso_clinico,2
Escala CURB-65,escala,checklist,2
Escala CURB-65,escala,slides,1
Escala CURB-65,escala,infografico,1
Escala CURB-65,escala,biblioteca,2
Escala ELPO,escala,calculadora,3
Escala ELPO,escala,artigo,1
Escala ELPO,escala,quiz,2
Escala ELPO,escala,guia_bolso,1
Escala ELPO,escala,flashcards,1
Escala ELPO,escala,caso_clinico,2
Escala ELPO,escala,checklist,2
Escala ELPO,escala,slides,1
Escala ELPO,escala,infografico,1
Escala ELPO,escala,biblioteca,2
Escala FAST,escala,calculadora,3
Escala FAST,escala,artigo,1
Escala FAST,escala,quiz,2
Escala FAST,escala,guia_bolso,1
Escala FAST,escala,flashcards,1
Escala FAST,escala,caso_clinico,2
Escala FAST,escala,checklist,2
Escala FAST,escala,slides,1
Escala FAST,escala,infografico,1
Escala FAST,escala,biblioteca,2
Escala FLACC,escala,calculadora,3
Escala FLACC,escala,artigo,1
Escala FLACC,escala,quiz,2
Escala FLACC,escala,guia_bolso,1
Escala FLACC,escala,flashcards,1
Escala FLACC,escala,caso_clinico,2
Escala FLACC,escala,checklist,2
Escala FLACC,escala,slides,1
Escala FLACC,escala,infografico,1
Escala FLACC,escala,biblioteca,2
Escala FOUR,escala,calculadora,3
Escala FOUR,escala,artigo,1
Escala FOUR,escala,quiz,2
Escala FOUR,escala,guia_bolso,1
Escala FOUR,escala,flashcards,1
Escala FOUR,escala,caso_clinico,2
Escala FOUR,escala,checklist,2
Escala FOUR,escala,slides,1
Escala FOUR,escala,infografico,1
Escala FOUR,escala,biblioteca,2
Escala Fugulin (SCP),escala,calculadora,3
Escala Fugulin (SCP),escala,artigo,1
Escala Fugulin (SCP),escala,quiz,2
Escala Fugulin (SCP),escala,guia_bolso,1
Escala Fugulin (SCP),escala,flashcards,1
Escala Fugulin (SCP),escala,caso_clinico,2
Escala Fugulin (SCP),escala,checklist,2
Escala Fugulin (SCP),escala,slides,1
Escala Fugulin (SCP),escala,infografico,1
Escala Fugulin (SCP),escala,biblioteca,2
Escala GDS,escala,calculadora,3
Escala GDS,escala,artigo,1
Escala GDS,escala,quiz,2
Escala GDS,escala,guia_bolso,1
Escala GDS,escala,flashcards,1
Escala GDS,escala,caso_clinico,2
Escala GDS,escala,checklist,2
Escala GDS,escala,slides,1
Escala GDS,escala,infografico,1
Escala GDS,escala,biblioteca,2
Escala Hamilton,escala,calculadora,3
Escala Hamilton,escala,artigo,1
Escala Hamilton,escala,quiz,2
Escala Hamilton,escala,guia_bolso,1
Escala Hamilton,escala,flashcards,1
Escala Hamilton,escala,caso_clinico,2
Escala Hamilton,escala,checklist,2
Escala Hamilton,escala,slides,1
Escala Hamilton,escala,infografico,1
Escala Hamilton,escala,biblioteca,2
Escala Hendrich II,escala,calculadora,3
Escala Hendrich II,escala,artigo,1
Escala Hendrich II,escala,quiz,2
Escala Hendrich II,escala,guia_bolso,1
Escala Hendrich II,escala,flashcards,1
Escala Hendrich II,escala,caso_clinico,2
Escala Hendrich II,escala,checklist,2
Escala Hendrich II,escala,slides,1
Escala Hendrich II,escala,infografico,1
Escala Hendrich II,escala,biblioteca,2
Escala Humpty-Dumpty,escala,calculadora,3
Escala Humpty-Dumpty,escala,artigo,1
Escala Humpty-Dumpty,escala,quiz,2
Escala Humpty-Dumpty,escala,guia_bolso,1
Escala Humpty-Dumpty,escala,flashcards,1
Escala Humpty-Dumpty,escala,caso_clinico,2
Escala Humpty-Dumpty,escala,checklist,2
Escala Humpty-Dumpty,escala,slides,1
Escala Humpty-Dumpty,escala,infografico,1
Escala Humpty-Dumpty,escala,biblioteca,2
Escala LANSS,escala,calculadora,3
Escala LANSS,escala,artigo,1
Escala LANSS,escala,quiz,2
Escala LANSS,escala,guia_bolso,1
Escala LANSS,escala,flashcards,1
Escala LANSS,escala,caso_clinico,2
Escala LANSS,escala,checklist,2
Escala LANSS,escala,slides,1
Escala LANSS,escala,infografico,1
Escala LANSS,escala,biblioteca,2
Escala Lawton,escala,calculadora,3
Escala Lawton,escala,artigo,1
Escala Lawton,escala,quiz,2
Escala Lawton,escala,guia_bolso,1
Escala Lawton,escala,flashcards,1
Escala Lawton,escala,caso_clinico,2
Escala Lawton,escala,checklist,2
Escala Lawton,escala,slides,1
Escala Lawton,escala,infografico,1
Escala Lawton,escala,biblioteca,2
Escala MEEM,escala,calculadora,3
Escala MEEM,escala,artigo,1
Escala MEEM,escala,quiz,2
Escala MEEM,escala,guia_bolso,1
Escala MEEM,escala,flashcards,1
Escala MEEM,escala,caso_clinico,2
Escala MEEM,escala,checklist,2
Escala MEEM,escala,slides,1
Escala MEEM,escala,infografico,1
Escala MEEM,escala,biblioteca,2
Escala MEOWS,escala,calculadora,3
Escala MEOWS,escala,artigo,1
Escala MEOWS,escala,quiz,2
Escala MEOWS,escala,guia_bolso,1
Escala MEOWS,escala,flashcards,1
Escala MEOWS,escala,caso_clinico,2
Escala MEOWS,escala,checklist,2
Escala MEOWS,escala,slides,1
Escala MEOWS,escala,infografico,1
Escala MEOWS,escala,biblioteca,2
Escala Manchester,escala,calculadora,3
Escala Manchester,escala,artigo,1
Escala Manchester,escala,quiz,2
Escala Manchester,escala,guia_bolso,1
Escala Manchester,escala,flashcards,1
Escala Manchester,escala,caso_clinico,2
Escala Manchester,escala,checklist,2
Escala Manchester,escala,slides,1
Escala Manchester,escala,infografico,1
Escala Manchester,escala,biblioteca,2
Escala MoCA,escala,calculadora,3
Escala MoCA,escala,artigo,1
Escala MoCA,escala,quiz,2
Escala MoCA,escala,guia_bolso,1
Escala MoCA,escala,flashcards,1
Escala MoCA,escala,caso_clinico,2
Escala MoCA,escala,checklist,2
Escala MoCA,escala,slides,1
Escala MoCA,escala,infografico,1
Escala MoCA,escala,biblioteca,2
Escala NEWS,escala,calculadora,3
Escala NEWS,escala,artigo,1
Escala NEWS,escala,quiz,2
Escala NEWS,escala,guia_bolso,1
Escala NEWS,escala,flashcards,1
Escala NEWS,escala,caso_clinico,2
Escala NEWS,escala,checklist,2
Escala NEWS,escala,slides,1
Escala NEWS,escala,infografico,1
Escala NEWS,escala,biblioteca,2
Escala NIHSS,escala,calculadora,3
Escala NIHSS,escala,artigo,1
Escala NIHSS,escala,quiz,2
Escala NIHSS,escala,guia_bolso,1
Escala NIHSS,escala,flashcards,1
Escala NIHSS,escala,caso_clinico,2
Escala NIHSS,escala,checklist,2
Escala NIHSS,escala,slides,1
Escala NIHSS,escala,infografico,1
Escala NIHSS,escala,biblioteca,2
Escala NIPS,escala,calculadora,3
Escala NIPS,escala,artigo,1
Escala NIPS,escala,quiz,2
Escala NIPS,escala,guia_bolso,1
Escala NIPS,escala,flashcards,1
Escala NIPS,escala,caso_clinico,2
Escala NIPS,escala,checklist,2
Escala NIPS,escala,slides,1
Escala NIPS,escala,infografico,1
Escala NIPS,escala,biblioteca,2
Escala Norton,escala,calculadora,3
Escala Norton,escala,artigo,1
Escala Norton,escala,quiz,2
Escala Norton,escala,guia_bolso,1
Escala Norton,escala,flashcards,1
Escala Norton,escala,caso_clinico,2
Escala Norton,escala,checklist,2
Escala Norton,escala,slides,1
Escala Norton,escala,infografico,1
Escala Norton,escala,biblioteca,2
Escala Numerica Dor,escala,calculadora,3
Escala Numerica Dor,escala,artigo,1
Escala Numerica Dor,escala,quiz,2
Escala Numerica Dor,escala,guia_bolso,1
Escala Numerica Dor,escala,flashcards,1
Escala Numerica Dor,escala,caso_clinico,2
Escala Numerica Dor,escala,checklist,2
Escala Numerica Dor,escala,slides,1
Escala Numerica Dor,escala,infografico,1
Escala Numerica Dor,escala,biblioteca,2
Escala OFRAS,escala,calculadora,3
Escala OFRAS,escala,artigo,1
Escala OFRAS,escala,quiz,2
Escala OFRAS,escala,guia_bolso,1
Escala OFRAS,escala,flashcards,1
Escala OFRAS,escala,caso_clinico,2
Escala OFRAS,escala,checklist,2
Escala OFRAS,escala,slides,1
Escala OFRAS,escala,infografico,1
Escala OFRAS,escala,biblioteca,2
Escala PAINAD,escala,calculadora,3
Escala PAINAD,escala,artigo,1
Escala PAINAD,escala,quiz,2
Escala PAINAD,escala,guia_bolso,1
Escala PAINAD,escala,flashcards,1
Escala PAINAD,escala,caso_clinico,2
Escala PAINAD,escala,checklist,2
Escala PAINAD,escala,slides,1
Escala PAINAD,escala,infografico,1
Escala PAINAD,escala,biblioteca,2
Escala PELOD,escala,calculadora,3
Escala PELOD,escala,artigo,1
Escala PELOD,escala,quiz,2
Escala PELOD,escala,guia_bolso,1
Escala PELOD,escala,flashcards,1
Escala PELOD,escala,caso_clinico,2
Escala PELOD,escala,checklist,2
Escala PELOD,escala,slides,1
Escala PELOD,escala,infografico,1
Escala PELOD,escala,biblioteca,2
Escala PEWS,escala,calculadora,3
Escala PEWS,escala,artigo,1
Escala PEWS,escala,quiz,2
Escala PEWS,escala,guia_bolso,1
Escala PEWS,escala,flashcards,1
Escala PEWS,escala,caso_clinico,2
Escala PEWS,escala,checklist,2
Escala PEWS,escala,slides,1
Escala PEWS,escala,infografico,1
Escala PEWS,escala,biblioteca,2
Escala PRISM,escala,calculadora,3
Escala PRISM,escala,artigo,1
Escala PRISM,escala,quiz,2
Escala PRISM,escala,guia_bolso,1
Escala PRISM,escala,flashcards,1
Escala PRISM,escala,caso_clinico,2
Escala PRISM,escala,checklist,2
Escala PRISM,escala,slides,1
Escala PRISM,escala,infografico,1
Escala PRISM,escala,biblioteca,2
Escala Ramsay,escala,calculadora,3
Escala Ramsay,escala,artigo,1
Escala Ramsay,escala,quiz,2
Escala Ramsay,escala,guia_bolso,1
Escala Ramsay,escala,flashcards,1
Escala Ramsay,escala,caso_clinico,2
Escala Ramsay,escala,checklist,2
Escala Ramsay,escala,slides,1
Escala Ramsay,escala,infografico,1
Escala Ramsay,escala,biblioteca,2
Escala Richmond (RASS),escala,calculadora,3
Escala Richmond (RASS),escala,artigo,1
Escala Richmond (RASS),escala,quiz,2
Escala Richmond (RASS),escala,guia_bolso,1
Escala Richmond (RASS),escala,flashcards,1
Escala Richmond (RASS),escala,caso_clinico,2
Escala Richmond (RASS),escala,checklist,2
Escala Richmond (RASS),escala,slides,1
Escala Richmond (RASS),escala,infografico,1
Escala Richmond (RASS),escala,biblioteca,2
Escala SAPS III,escala,calculadora,3
Escala SAPS III,escala,artigo,1
Escala SAPS III,escala,quiz,2
Escala SAPS III,escala,guia_bolso,1
Escala SAPS III,escala,flashcards,1
Escala SAPS III,escala,caso_clinico,2
Escala SAPS III,escala,checklist,2
Escala SAPS III,escala,slides,1
Escala SAPS III,escala,infografico,1
Escala SAPS III,escala,biblioteca,2
Escala Tinetti (POMA),escala,calculadora,3
Escala Tinetti (POMA),escala,artigo,1
Escala Tinetti (POMA),escala,quiz,2
Escala Tinetti (POMA),escala,guia_bolso,1
Escala Tinetti (POMA),escala,flashcards,1
Escala Tinetti (POMA),escala,caso_clinico,2
Escala Tinetti (POMA),escala,checklist,2
Escala Tinetti (POMA),escala,slides,1
Escala Tinetti (POMA),escala,infografico,1
Escala Tinetti (POMA),escala,biblioteca,2
Escala Wood Downes,escala,calculadora,3
Escala Wood Downes,escala,artigo,1
Escala Wood Downes,escala,quiz,2
Escala Wood Downes,escala,guia_bolso,1
Escala Wood Downes,escala,flashcards,1
Escala Wood Downes,escala,caso_clinico,2
Escala Wood Downes,escala,checklist,2
Escala Wood Downes,escala,slides,1
Escala Wood Downes,escala,infografico,1
Escala Wood Downes,escala,biblioteca,2
Escala Zarit,escala,calculadora,3
Escala Zarit,escala,artigo,1
Escala Zarit,escala,quiz,2
Escala Zarit,escala,guia_bolso,1
Escala Zarit,escala,flashcards,1
Escala Zarit,escala,caso_clinico,2
Escala Zarit,escala,checklist,2
Escala Zarit,escala,slides,1
Escala Zarit,escala,infografico,1
Escala Zarit,escala,biblioteca,2
Escala de Ballard,escala,calculadora,3
Escala de Ballard,escala,artigo,1
Escala de Ballard,escala,quiz,2
Escala de Ballard,escala,guia_bolso,1
Escala de Ballard,escala,flashcards,1
Escala de Ballard,escala,caso_clinico,2
Escala de Ballard,escala,checklist,2
Escala de Ballard,escala,slides,1
Escala de Ballard,escala,infografico,1
Escala de Ballard,escala,biblioteca,2
Escala de Barthel,escala,calculadora,3
Escala de Barthel,escala,artigo,1
Escala de Barthel,escala,quiz,2
Escala de Barthel,escala,guia_bolso,1
Escala de Barthel,escala,flashcards,1
Escala de Barthel,escala,caso_clinico,2
Escala de Barthel,escala,checklist,2
Escala de Barthel,escala,slides,1
Escala de Barthel,escala,infografico,1
Escala de Barthel,escala,biblioteca,2
Escala de CRIES,escala,calculadora,3
Escala de CRIES,escala,artigo,1
Escala de CRIES,escala,quiz,2
Escala de CRIES,escala,guia_bolso,1
Escala de CRIES,escala,flashcards,1
Escala de CRIES,escala,caso_clinico,2
Escala de CRIES,escala,checklist,2
Escala de CRIES,escala,slides,1
Escala de CRIES,escala,infografico,1
Escala de CRIES,escala,biblioteca,2
Escala de Cincinnati,escala,calculadora,3
Escala de Cincinnati,escala,artigo,1
Escala de Cincinnati,escala,quiz,2
Escala de Cincinnati,escala,guia_bolso,1
Escala de Cincinnati,escala,flashcards,1
Escala de Cincinnati,escala,caso_clinico,2
Escala de Cincinnati,escala,checklist,2
Escala de Cincinnati,escala,slides,1
Escala de Cincinnati,escala,infografico,1
Escala de Cincinnati,escala,biblioteca,2
Escala de Cornell,escala,calculadora,3
Escala de Cornell,escala,artigo,1
Escala de Cornell,escala,quiz,2
Escala de Cornell,escala,guia_bolso,1
Escala de Cornell,escala,flashcards,1
Escala de Cornell,escala,caso_clinico,2
Escala de Cornell,escala,checklist,2
Escala de Cornell,escala,slides,1
Escala de Cornell,escala,infografico,1
Escala de Cornell,escala,biblioteca,2
Escala de Downton,escala,calculadora,3
Escala de Downton,escala,artigo,1
Escala de Downton,escala,quiz,2
Escala de Downton,escala,guia_bolso,1
Escala de Downton,escala,flashcards,1
Escala de Downton,escala,caso_clinico,2
Escala de Downton,escala,checklist,2
Escala de Downton,escala,slides,1
Escala de Downton,escala,infografico,1
Escala de Downton,escala,biblioteca,2
Escala de Gosnell,escala,calculadora,3
Escala de Gosnell,escala,artigo,1
Escala de Gosnell,escala,quiz,2
Escala de Gosnell,escala,guia_bolso,1
Escala de Gosnell,escala,flashcards,1
Escala de Gosnell,escala,caso_clinico,2
Escala de Gosnell,escala,checklist,2
Escala de Gosnell,escala,slides,1
Escala de Gosnell,escala,infografico,1
Escala de Gosnell,escala,biblioteca,2
Escala de Johns,escala,calculadora,3
Escala de Johns,escala,artigo,1
Escala de Johns,escala,quiz,2
Escala de Johns,escala,guia_bolso,1
Escala de Johns,escala,flashcards,1
Escala de Johns,escala,caso_clinico,2
Escala de Johns,escala,checklist,2
Escala de Johns,escala,slides,1
Escala de Johns,escala,infografico,1
Escala de Johns,escala,biblioteca,2
Escala de Jouvet,escala,calculadora,3
Escala de Jouvet,escala,artigo,1
Escala de Jouvet,escala,quiz,2
Escala de Jouvet,escala,guia_bolso,1
Escala de Jouvet,escala,flashcards,1
Escala de Jouvet,escala,caso_clinico,2
Escala de Jouvet,escala,checklist,2
Escala de Jouvet,escala,slides,1
Escala de Jouvet,escala,infografico,1
Escala de Jouvet,escala,biblioteca,2
Escala de Katz,escala,calculadora,3
Escala de Katz,escala,artigo,1
Escala de Katz,escala,quiz,2
Escala de Katz,escala,guia_bolso,1
Escala de Katz,escala,flashcards,1
Escala de Katz,escala,caso_clinico,2
Escala de Katz,escala,checklist,2
Escala de Katz,escala,slides,1
Escala de Katz,escala,infografico,1
Escala de Katz,escala,biblioteca,2
Escala de Lachs,escala,calculadora,3
Escala de Lachs,escala,artigo,1
Escala de Lachs,escala,quiz,2
Escala de Lachs,escala,guia_bolso,1
Escala de Lachs,escala,flashcards,1
Escala de Lachs,escala,caso_clinico,2
Escala de Lachs,escala,checklist,2
Escala de Lachs,escala,slides,1
Escala de Lachs,escala,infografico,1
Escala de Lachs,escala,biblioteca,2
Escala qSOFA,escala,calculadora,3
Escala qSOFA,escala,artigo,1
Escala qSOFA,escala,quiz,2
Escala qSOFA,escala,guia_bolso,1
Escala qSOFA,escala,flashcards,1
Escala qSOFA,escala,caso_clinico,2
Escala qSOFA,escala,checklist,2
Escala qSOFA,escala,slides,1
Escala qSOFA,escala,infografico,1
Escala qSOFA,escala,biblioteca,2
Formulario SAEP,ferramenta,artigo,1
Formulario SAEP,ferramenta,guia_bolso,1
Formulario SAEP,ferramenta,checklist,2
Formulario SAEP,ferramenta,biblioteca,2
Idade Gestacional e DPP,calculadora,calculadora,3
Idade Gestacional e DPP,calculadora,artigo,1
Idade Gestacional e DPP,calculadora,quiz,2
Idade Gestacional e DPP,calculadora,guia_bolso,1
Idade Gestacional e DPP,calculadora,flashcards,1
Idade Gestacional e DPP,calculadora,checklist,2
Idade Gestacional e DPP,calculadora,caso_clinico,2
Idade Gestacional e DPP,calculadora,slides,1
Idade Gestacional e DPP,calculadora,infografico,1
Idade Gestacional e DPP,calculadora,mapa_mental,1
Idade Gestacional e DPP,calculadora,simulado,3
Idade Gestacional e DPP,calculadora,biblioteca,2
Indice de Bishop,escala,calculadora,3
Indice de Bishop,escala,artigo,1
Indice de Bishop,escala,quiz,2
Indice de Bishop,escala,guia_bolso,1
Indice de Bishop,escala,flashcards,1
Indice de Bishop,escala,caso_clinico,2
Indice de Bishop,escala,checklist,2
Indice de Bishop,escala,slides,1
Indice de Bishop,escala,infografico,1
Indice de Bishop,escala,biblioteca,2
Quiz Interativo,educacional,quiz,2
Quiz Interativo,educacional,simulado,3
Quiz Interativo,educacional,flashcards,1
Quiz Interativo,educacional,biblioteca,2
Rancho Los Amigos,escala,calculadora,3
Rancho Los Amigos,escala,artigo,1
Rancho Los Amigos,escala,quiz,2
Rancho Los Amigos,escala,guia_bolso,1
Rancho Los Amigos,escala,flashcards,1
Rancho Los Amigos,escala,caso_clinico,2
Rancho Los Amigos,escala,checklist,2
Rancho Los Amigos,escala,slides,1
Rancho Los Amigos,escala,infografico,1
Rancho Los Amigos,escala,biblioteca,2
SBAR Passagem de Plantao,ferramenta,artigo,1
SBAR Passagem de Plantao,ferramenta,guia_bolso,1
SBAR Passagem de Plantao,ferramenta,checklist,2
SBAR Passagem de Plantao,ferramenta,biblioteca,2
Silverman Anderson,ferramenta,artigo,1
Silverman Anderson,ferramenta,guia_bolso,1
Silverman Anderson,ferramenta,checklist,2
Silverman Anderson,ferramenta,biblioteca,2
Simulado Bloco Operat.,simulado,simulado,3
Simulado Bloco Operat.,simulado,quiz,2
Simulado Bloco Operat.,simulado,caso_clinico,2
Simulado Bloco Operat.,simulado,biblioteca,2
Simulado DNC,simulado,simulado,3
Simulado DNC,simulado,quiz,2
Simulado DNC,simulado,caso_clinico,2
Simulado DNC,simulado,biblioteca,2
Simulado Enfermeiros 1,simulado,simulado,3
Simulado Enfermeiros 1,simulado,quiz,2
Simulado Enfermeiros 1,simulado,caso_clinico,2
Simulado Enfermeiros 1,simulado,biblioteca,2
Simulado Enfermeiros 2,simulado,simulado,3
Simulado Enfermeiros 2,simulado,quiz,2
Simulado Enfermeiros 2,simulado,caso_clinico,2
Simulado Enfermeiros 2,simulado,biblioteca,2
Simulado PCR,simulado,simulado,3
Simulado PCR,simulado,quiz,2
Simulado PCR,simulado,caso_clinico,2
Simulado PCR,simulado,biblioteca,2
Simulado Seguranca Paciente,simulado,simulado,3
Simulado Seguranca Paciente,simulado,quiz,2
Simulado Seguranca Paciente,simulado,caso_clinico,2
Simulado Seguranca Paciente,simulado,biblioteca,2
Simulado Tecnicos 1,simulado,simulado,3
Simulado Tecnicos 1,simulado,quiz,2
Simulado Tecnicos 1,simulado,caso_clinico,2
Simulado Tecnicos 1,simulado,biblioteca,2
Simulado Tecnicos 2,simulado,simulado,3
Simulado Tecnicos 2,simulado,quiz,2
Simulado Tecnicos 2,simulado,caso_clinico,2
Simulado Tecnicos 2,simulado,biblioteca,2
Simulado Vacinas,simulado,simulado,3
Simulado Vacinas,simulado,quiz,2
Simulado Vacinas,simulado,caso_clinico,2
Simulado Vacinas,simulado,biblioteca,2
Vacinas da Crianca,ferramenta,artigo,1
Vacinas da Crianca,ferramenta,guia_bolso,1
Vacinas da Crianca,ferramenta,checklist,2
Vacinas da Crianca,ferramenta,biblioteca,2
