from_ferramenta,to_biblioteca,relacao,peso
Calculadora de Exames Laboratoriais,Sinais Vitais,COMPLEMENTAR,2
Calculadora de Exames Laboratoriais,Exames Lab.,DIRETO,3
Calculadora de Exames Laboratoriais,Anatomia/Fisiol.,COMPLEMENTAR,2
Calculadora de Exames Laboratoriais,Doencas,DIRETO,3
Calculadora de Exames Laboratoriais,Protocolos,COMPLEMENTAR,2
Calculadora de Exames Laboratoriais,SAE/NANDA/NIC/NOC,COMPLEMENTAR,2
Calculadora de Exames Laboratoriais,Seguranca Paciente,COMPLEMENTAR,2
Calculadora de Exames Laboratoriais,Educacao/Avaliacao,COMPLEMENTAR,2
Calculadora de Exames Laboratoriais,UTI/Emerg.,COMPLEMENTAR,2
Dimensionamento de Enfermagem,Sinais Vitais,DIRETO,3
Dimensionamento de Enfermagem,Doencas,COMPLEMENTAR,2
Dimensionamento de Enfermagem,Protocolos,DIRETO,3
Dimensionamento de Enfermagem,SAE/NANDA/NIC/NOC,DIRETO,3
Dimensionamento de Enfermagem,Seguranca Paciente,DIRETO,3
Dimensionamento de Enfermagem,Legislacao/CLT,DIRETO,3
Dimensionamento de Enfermagem,Educacao/Avaliacao,COMPLEMENTAR,2
Dimensionamento de Enfermagem,Bloco Operat.,COMPLEMENTAR,2
Dimensionamento de Enfermagem,UTI/Emerg.,DIRETO,3
Idade Gestacional e DPP,Medicamentos,COMPLEMENTAR,2
Idade Gestacional e DPP,Sinais Vitais,COMPLEMENTAR,2
Idade Gestacional e DPP,Anatomia/Fisiol.,DIRETO,3
Idade Gestacional e DPP,Doencas,DIRETO,3
Idade Gestacional e DPP,Protocolos,DIRETO,3
Idade Gestacional e DPP,SAE/NANDA/NIC/NOC,DIRETO,3
Idade Gestacional e DPP,Seguranca Paciente,COMPLEMENTAR,2
Idade Gestacional e DPP,Educacao/Avaliacao,COMPLEMENTAR,2
Idade Gestacional e DPP,Pediatria/Neo.,DIRETO,3
Idade Gestacional e DPP,UTI/Emerg.,COMPLEMENTAR,2
Idade Gestacional e DPP,Nutricao,COMPLEMENTAR,2
Calculo de Medicamentos,Medicamentos,DIRETO,3
Calculo de Medicamentos,Dispositivos,DIRETO,3
Calculo de Medicamentos,Seringas,DIRETO,3
Calculo de Medicamentos,Exames Lab.,COMPLEMENTAR,2
Calculo de Medicamentos,Anatomia/Fisiol.,DIRETO,3
Calculo de Medicamentos,Doencas,COMPLEMENTAR,2
Calculo de Medicamentos,Protocolos,DIRETO,3
Calculo de Medicamentos,SAE/NANDA/NIC/NOC,COMPLEMENTAR,2
Calculo de Medicamentos,Seguranca Paciente,DIRETO,3
Calculo de Medicamentos,Educacao/Avaliacao,COMPLEMENTAR,2
Calculo de Medicamentos,Pediatria/Neo.,DIRETO,3
Calculo de Medicamentos,UTI/Emerg.,COMPLEMENTAR,2
Vacinas da Crianca,Medicamentos,DIRETO,3
Vacinas da Crianca,Anatomia/Fisiol.,DIRETO,3
Vacinas da Crianca,Doencas,DIRETO,3
Vacinas da Crianca,Protocolos,DIRETO,3
Vacinas da Crianca,SAE/NANDA/NIC/NOC,COMPLEMENTAR,2
Vacinas da Crianca,Seguranca Paciente,COMPLEMENTAR,2
Vacinas da Crianca,Educacao/Avaliacao,COMPLEMENTAR,2
Vacinas da Crianca,Pediatria/Neo.,DIRETO,3
Vacinas da Crianca,Vacinas/Epidem.,DIRETO,3
Vacinas da Crianca,Nutricao,COMPLEMENTAR,2
Doencas de Notificacao Compulsoria,Anatomia/Fisiol.,COMPLEMENTAR,2
Doencas de Notificacao Compulsoria,Doencas,DIRETO,3
Doencas de Notificacao Compulsoria,Protocolos,DIRETO,3
Doencas de Notificacao Compulsoria,SAE/NANDA/NIC/NOC,COMPLEMENTAR,2
Doencas de Notificacao Compulsoria,Seguranca Paciente,DIRETO,3
Doencas de Notificacao Compulsoria,Legislacao/CLT,DIRETO,3
Doencas de Notificacao Compulsoria,Educacao/Avaliacao,COMPLEMENTAR,2
Doencas de Notificacao Compulsoria,Pediatria/Neo.,COMPLEMENTAR,2
Doencas de Notificacao Compulsoria,UTI/Emerg.,DIRETO,3
Diagnosticos NANDA,Medicamentos,COMPLEMENTAR,2
Diagnosticos NANDA,Dispositivos,COMPLEMENTAR,2
Diagnosticos NANDA,Feridas,DIRETO,3
Diagnosticos NANDA,Curativos,COMPLEMENTAR,2
Diagnosticos NANDA,Sinais Vitais,COMPLEMENTAR,2
Diagnosticos NANDA,Exames Lab.,COMPLEMENTAR,2
Diagnosticos NANDA,Anatomia/Fisiol.,DIRETO,3
Diagnosticos NANDA,Doencas,DIRETO,3
Diagnosticos NANDA,Protocolos,DIRETO,3
Diagnosticos NANDA,SAE/NANDA/NIC/NOC,DIRETO,3
Diagnosticos NANDA,Seguranca Paciente,DIRETO,3
Diagnosticos NANDA,Educacao/Avaliacao,DIRETO,3
Diagnosticos NANDA,Geriatria,COMPLEMENTAR,2
Diagnosticos NANDA,Pediatria/Neo.,COMPLEMENTAR,2
Diagnosticos NANDA,Saude Mental,COMPLEMENTAR,2
Diagnosticos NANDA,UTI/Emerg.,COMPLEMENTAR,2
Diagnosticos NANDA,Nutricao,COMPLEMENTAR,2
Formulario SAEP,Medicamentos,DIRETO,3
Formulario SAEP,Dispositivos,DIRETO,3
Formulario SAEP,Sinais Vitais,DIRETO,3
Formulario SAEP,Anatomia/Fisiol.,DIRETO,3
Formulario SAEP,Doencas,COMPLEMENTAR,2
Formulario SAEP,Protocolos,DIRETO,3
Formulario SAEP,SAE/NANDA/NIC/NOC,DIRETO,3
Formulario SAEP,Seguranca Paciente,DIRETO,3
Formulario SAEP,Educacao/Avaliacao,COMPLEMENTAR,2
Formulario SAEP,Bloco Operat.,DIRETO,3
Formulario SAEP,UTI/Emerg.,COMPLEMENTAR,2
SBAR Passagem de Plantao,Medicamentos,COMPLEMENTAR,2
SBAR Passagem de Plantao,Dispositivos,COMPLEMENTAR,2
SBAR Passagem de Plantao,Feridas,COMPLEMENTAR,2
SBAR Passagem de Plantao,Curativos,COMPLEMENTAR,2
SBAR Passagem de Plantao,Sinais Vitais,DIRETO,3
SBAR Passagem de Plantao,Exames Lab.,COMPLEMENTAR,2
SBAR Passagem de Plantao,Anatomia/Fisiol.,DIRETO,3
SBAR Passagem de Plantao,Doencas,DIRETO,3
SBAR Passagem de Plantao,Protocolos,DIRETO,3
SBAR Passagem de Plantao,SAE/NANDA/NIC/NOC,DIRETO,3
SBAR Passagem de Plantao,Seguranca Paciente,DIRETO,3
SBAR Passagem de Plantao,Educacao/Avaliacao,DIRETO,3
SBAR Passagem de Plantao,Geriatria,COMPLEMENTAR,2
SBAR Passagem de Plantao,Pediatria/Neo.,COMPLEMENTAR,2
SBAR Passagem de Plantao,Vent. Mecanica,COMPLEMENTAR,2
SBAR Passagem de Plantao,UTI/Emerg.,COMPLEMENTAR,2
Calculadora de Ferias,Legislacao/CLT,DIRETO,3
Calculadora Adicional Noturno,Legislacao/CLT,DIRETO,3
Calculadora Horas Extras,Legislacao/CLT,DIRETO,3
Calculadora Rescisao,Legislacao/CLT,DIRETO,3
Simulado Tecnicos 1,Medicamentos,COMPLEMENTAR,2
Simulado Tecnicos 1,Dispositivos,COMPLEMENTAR,2
Simulado Tecnicos 1,Seringas,COMPLEMENTAR,2
Simulado Tecnicos 1,Feridas,COMPLEMENTAR,2
Simulado Tecnicos 1,Curativos,COMPLEMENTAR,2
Simulado Tecnicos 1,Sinais Vitais,COMPLEMENTAR,2
Simulado Tecnicos 1,Exames Lab.,COMPLEMENTAR,2
Simulado Tecnicos 1,Anatomia/Fisiol.,COMPLEMENTAR,2
Simulado Tecnicos 1,Doencas,COMPLEMENTAR,2
Simulado Tecnicos 1,Protocolos,COMPLEMENTAR,2
Simulado Tecnicos 1,SAE/NANDA/NIC/NOC,COMPLEMENTAR,2
Simulado Tecnicos 1,Seguranca Paciente,COMPLEMENTAR,2
Simulado Tecnicos 1,Legislacao/CLT,COMPLEMENTAR,2
Simulado Tecnicos 1,Educacao/Avaliacao,DIRETO,3
Simulado Tecnicos 1,Bloco Operat.,COMPLEMENTAR,2
Simulado Tecnicos 1,Geriatria,COMPLEMENTAR,2
Simulado Tecnicos 1,Pediatria/Neo.,COMPLEMENTAR,2
Simulado Tecnicos 1,Saude Mental,COMPLEMENTAR,2
Simulado Tecnicos 1,Vent. Mecanica,COMPLEMENTAR,2
Simulado Tecnicos 1,UTI/Emerg.,COMPLEMENTAR,2
Simulado Tecnicos 1,Vacinas/Epidem.,COMPLEMENTAR,2
Simulado Tecnicos 1,Nutricao,COMPLEMENTAR,2
Simulado Tecnicos 2,Medicamentos,COMPLEMENTAR,2
Simulado Tecnicos 2,Dispositivos,COMPLEMENTAR,2
Simulado Tecnicos 2,Seringas,COMPLEMENTAR,2
Simulado Tecnicos 2,Feridas,COMPLEMENTAR,2
Simulado Tecnicos 2,Curativos,COMPLEMENTAR,2
Simulado Tecnicos 2,Sinais Vitais,COMPLEMENTAR,2
Simulado Tecnicos 2,Exames Lab.,COMPLEMENTAR,2
Simulado Tecnicos 2,Anatomia/Fisiol.,COMPLEMENTAR,2
Simulado Tecnicos 2,Doencas,COMPLEMENTAR,2
Simulado Tecnicos 2,Protocolos,COMPLEMENTAR,2
Simulado Tecnicos 2,SAE/NANDA/NIC/NOC,COMPLEMENTAR,2
Simulado Tecnicos 2,Seguranca Paciente,COMPLEMENTAR,2
Simulado Tecnicos 2,Legislacao/CLT,COMPLEMENTAR,2
Simulado Tecnicos 2,Educacao/Avaliacao,DIRETO,3
Simulado Tecnicos 2,Bloco Operat.,COMPLEMENTAR,2
Simulado Tecnicos 2,Geriatria,COMPLEMENTAR,2
Simulado Tecnicos 2,Pediatria/Neo.,COMPLEMENTAR,2
Simulado Tecnicos 2,Saude Mental,COMPLEMENTAR,2
Simulado Tecnicos 2,Vent. Mecanica,COMPLEMENTAR,2
Simulado Tecnicos 2,UTI/Emerg.,COMPLEMENTAR,2
Simulado Tecnicos 2,Vacinas/Epidem.,COMPLEMENTAR,2
Simulado Tecnicos 2,Nutricao,COMPLEMENTAR,2
Simulado Enfermeiros 1,Medicamentos,COMPLEMENTAR,2
Simulado Enfermeiros 1,Dispositivos,COMPLEMENTAR,2
Simulado Enfermeiros 1,Seringas,COMPLEMENTAR,2
Simulado Enfermeiros 1,Feridas,COMPLEMENTAR,2
Simulado Enfermeiros 1,Curativos,COMPLEMENTAR,2
Simulado Enfermeiros 1,Sinais Vitais,COMPLEMENTAR,2
Simulado Enfermeiros 1,Exames Lab.,COMPLEMENTAR,2
Simulado Enfermeiros 1,Anatomia/Fisiol.,COMPLEMENTAR,2
Simulado Enfermeiros 1,Doencas,COMPLEMENTAR,2
Simulado Enfermeiros 1,Protocolos,COMPLEMENTAR,2
Simulado Enfermeiros 1,SAE/NANDA/NIC/NOC,COMPLEMENTAR,2
Simulado Enfermeiros 1,Seguranca Paciente,COMPLEMENTAR,2
Simulado Enfermeiros 1,Legislacao/CLT,COMPLEMENTAR,2
Simulado Enfermeiros 1,Educacao/Avaliacao,DIRETO,3
Simulado Enfermeiros 1,Bloco Operat.,COMPLEMENTAR,2
Simulado Enfermeiros 1,Geriatria,COMPLEMENTAR,2
Simulado Enfermeiros 1,Pediatria/Neo.,COMPLEMENTAR,2
Simulado Enfermeiros 1,Saude Mental,COMPLEMENTAR,2
Simulado Enfermeiros 1,Vent. Mecanica,COMPLEMENTAR,2
Simulado Enfermeiros 1,UTI/Emerg.,COMPLEMENTAR,2
Simulado Enfermeiros 1,Vacinas/Epidem.,COMPLEMENTAR,2
Simulado Enfermeiros 1,Nutricao,COMPLEMENTAR,2
Simulado Enfermeiros 2,Medicamentos,COMPLEMENTAR,2
Simulado Enfermeiros 2,Dispositivos,COMPLEMENTAR,2
Simulado Enfermeiros 2,Seringas,COMPLEMENTAR,2
Simulado Enfermeiros 2,Feridas,COMPLEMENTAR,2
Simulado Enfermeiros 2,Curativos,COMPLEMENTAR,2
Simulado Enfermeiros 2,Sinais Vitais,COMPLEMENTAR,2
Simulado Enfermeiros 2,Exames Lab.,COMPLEMENTAR,2
Simulado Enfermeiros 2,Anatomia/Fisiol.,COMPLEMENTAR,2
Simulado Enfermeiros 2,Doencas,COMPLEMENTAR,2
Simulado Enfermeiros 2,Protocolos,COMPLEMENTAR,2
Simulado Enfermeiros 2,SAE/NANDA/NIC/NOC,COMPLEMENTAR,2
Simulado Enfermeiros 2,Seguranca Paciente,COMPLEMENTAR,2
Simulado Enfermeiros 2,Legislacao/CLT,COMPLEMENTAR,2
Simulado Enfermeiros 2,Educacao/Avaliacao,DIRETO,3
Simulado Enfermeiros 2,Bloco Operat.,COMPLEMENTAR,2
Simulado Enfermeiros 2,Geriatria,COMPLEMENTAR,2
Simulado Enfermeiros 2,Pediatria/Neo.,COMPLEMENTAR,2
Simulado Enfermeiros 2,Saude Mental,COMPLEMENTAR,2
Simulado Enfermeiros 2,Vent. Mecanica,COMPLEMENTAR,2
Simulado Enfermeiros 2,UTI/Emerg.,COMPLEMENTAR,2
Simulado Enfermeiros 2,Vacinas/Epidem.,COMPLEMENTAR,2
Simulado Enfermeiros 2,Nutricao,COMPLEMENTAR,2
Simulado Seguranca Paciente,Sinais Vitais,COMPLEMENTAR,2
Simulado Seguranca Paciente,Doencas,COMPLEMENTAR,2
Simulado Seguranca Paciente,Protocolos,DIRETO,3
Simulado Seguranca Paciente,SAE/NANDA/NIC/NOC,COMPLEMENTAR,2
Simulado Seguranca Paciente,Seguranca Paciente,DIRETO,3
Simulado Seguranca Paciente,Educacao/Avaliacao,DIRETO,3
Simulado DNC,Doencas,DIRETO,3
Simulado DNC,Protocolos,DIRETO,3
Simulado DNC,SAE/NANDA/NIC/NOC,COMPLEMENTAR,2
Simulado DNC,Seguranca Paciente,COMPLEMENTAR,2
Simulado DNC,Legislacao/CLT,DIRETO,3
Simulado DNC,Educacao/Avaliacao,DIRETO,3
Simulado DNC,Pediatria/Neo.,COMPLEMENTAR,2
Simulado DNC,UTI/Emerg.,DIRETO,3
Simulado Vacinas,Medicamentos,DIRETO,3
Simulado Vacinas,Anatomia/Fisiol.,COMPLEMENTAR,2
Simulado Vacinas,Doencas,DIRETO,3
Simulado Vacinas,Protocolos,DIRETO,3
Simulado Vacinas,SAE/NANDA/NIC/NOC,COMPLEMENTAR,2
Simulado Vacinas,Seguranca Paciente,COMPLEMENTAR,2
Simulado Vacinas,Educacao/Avaliacao,DIRETO,3
Simulado Vacinas,Pediatria/Neo.,DIRETO,3
Simulado Vacinas,UTI/Emerg.,DIRETO,3
Simulado Vacinas,Vacinas/Epidem.,COMPLEMENTAR,2
Simulado PCR,Medicamentos,DIRETO,3
Simulado PCR,Dispositivos,DIRETO,3
Simulado PCR,Sinais Vitais,DIRETO,3
Simulado PCR,Exames Lab.,DIRETO,3
Simulado PCR,Anatomia/Fisiol.,DIRETO,3
Simulado PCR,Doencas,COMPLEMENTAR,2
Simulado PCR,Protocolos,DIRETO,3
Simulado PCR,SAE/NANDA/NIC/NOC,DIRETO,3
Simulado PCR,Seguranca Paciente,DIRETO,3
Simulado PCR,Educacao/Avaliacao,DIRETO,3
Simulado PCR,Saude Mental,DIRETO,3
Simulado PCR,Vent. Mecanica,DIRETO,3
Simulado Bloco Operat.,Medicamentos,DIRETO,3
Simulado Bloco Operat.,Dispositivos,DIRETO,3
Simulado Bloco Operat.,Seringas,DIRETO,3
Simulado Bloco Operat.,Sinais Vitais,DIRETO,3
Simulado Bloco Operat.,Anatomia/Fisiol.,DIRETO,3
Simulado Bloco Operat.,Doencas,COMPLEMENTAR,2
Simulado Bloco Operat.,Protocolos,DIRETO,3
Simulado Bloco Operat.,SAE/NANDA/NIC/NOC,DIRETO,3
Simulado Bloco Operat.,Seguranca Paciente,DIRETO,3
Simulado Bloco Operat.,Educacao/Avaliacao,DIRETO,3
Simulado Bloco Operat.,Bloco Operat.,DIRETO,3
Simulado Bloco Operat.,Vent. Mecanica,COMPLEMENTAR,2
Quiz Interativo,Medicamentos,COMPLEMENTAR,2
Quiz Interativo,Dispositivos,COMPLEMENTAR,2
Quiz Interativo,Seringas,COMPLEMENTAR,2
Quiz Interativo,Feridas,COMPLEMENTAR,2
Quiz Interativo,Curativos,COMPLEMENTAR,2
Quiz Interativo,Sinais Vitais,COMPLEMENTAR,2
Quiz Interativo,Exames Lab.,COMPLEMENTAR,2
Quiz Interativo,Anatomia/Fisiol.,COMPLEMENTAR,2
Quiz Interativo,Doencas,COMPLEMENTAR,2
Quiz Interativo,Protocolos,COMPLEMENTAR,2
Quiz Interativo,SAE/NANDA/NIC/NOC,COMPLEMENTAR,2
Quiz Interativo,Seguranca Paciente,COMPLEMENTAR,2
Quiz Interativo,Legislacao/CLT,COMPLEMENTAR,2
Quiz Interativo,Educacao/Avaliacao,DIRETO,3
Quiz Interativo,Bloco Operat.,COMPLEMENTAR,2
Quiz Interativo,Geriatria,COMPLEMENTAR,2
Quiz Interativo,Pediatria/Neo.,COMPLEMENTAR,2
Quiz Interativo,Saude Mental,COMPLEMENTAR,2
Quiz Interativo,Vent. Mecanica,COMPLEMENTAR,2
Quiz Interativo,UTI/Emerg.,COMPLEMENTAR,2
Quiz Interativo,Vacinas/Epidem.,COMPLEMENTAR,2
Quiz Interativo,Nutricao,COMPLEMENTAR,2
Biblioteca de Provas,Medicamentos,COMPLEMENTAR,2
Biblioteca de Provas,Dispositivos,COMPLEMENTAR,2
Biblioteca de Provas,Seringas,COMPLEMENTAR,2
Biblioteca de Provas,Feridas,COMPLEMENTAR,2
Biblioteca de Provas,Curativos,COMPLEMENTAR,2
Biblioteca de Provas,Sinais Vitais,COMPLEMENTAR,2
Biblioteca de Provas,Exames Lab.,COMPLEMENTAR,2
Biblioteca de Provas,Anatomia/Fisiol.,COMPLEMENTAR,2
Biblioteca de Provas,Doencas,COMPLEMENTAR,2
Biblioteca de Provas,Protocolos,COMPLEMENTAR,2
Biblioteca de Provas,SAE/NANDA/NIC/NOC,COMPLEMENTAR,2
Biblioteca de Provas,Seguranca Paciente,COMPLEMENTAR,2
Biblioteca de Provas,Legislacao/CLT,COMPLEMENTAR,2
Biblioteca de Provas,Educacao/Avaliacao,DIRETO,3
Biblioteca de Provas,Bloco Operat.,COMPLEMENTAR,2
Biblioteca de Provas,Geriatria,COMPLEMENTAR,2
Biblioteca de Provas,Pediatria/Neo.,COMPLEMENTAR,2
Biblioteca de Provas,Saude Mental,COMPLEMENTAR,2
Biblioteca de Provas,Vent. Mecanica,COMPLEMENTAR,2
Biblioteca de Provas,UTI/Emerg.,COMPLEMENTAR,2
Biblioteca de Provas,Vacinas/Epidem.,COMPLEMENTAR,2
Biblioteca de Provas,Nutricao,COMPLEMENTAR,2
Escala de Ballard,Sinais Vitais,DIRETO,3
Escala de Ballard,Anatomia/Fisiol.,DIRETO,3
Escala de Ballard,Doencas,COMPLEMENTAR,2
Escala de Ballard,Protocolos,COMPLEMENTAR,2
Escala de Ballard,SAE/NANDA/NIC/NOC,DIRETO,3
Escala de Ballard,Seguranca Paciente,COMPLEMENTAR,2
Escala de Ballard,Educacao/Avaliacao,COMPLEMENTAR,2
Escala de Ballard,Pediatria/Neo.,DIRETO,3
Escala de Ballard,UTI/Emerg.,COMPLEMENTAR,2
Escala de Ballard,Nutricao,COMPLEMENTAR,2
Escala de Barthel,Dispositivos,COMPLEMENTAR,2
Escala de Barthel,Sinais Vitais,COMPLEMENTAR,2
Escala de Barthel,Anatomia/Fisiol.,DIRETO,3
Escala de Barthel,Doencas,COMPLEMENTAR,2
Escala de Barthel,Protocolos,COMPLEMENTAR,2
Escala de Barthel,SAE/NANDA/NIC/NOC,DIRETO,3
Escala de Barthel,Seguranca Paciente,DIRETO,3
Escala de Barthel,Educacao/Avaliacao,COMPLEMENTAR,2
Escala de Barthel,Geriatria,DIRETO,3
Escala BPS,Medicamentos,COMPLEMENTAR,2
Escala BPS,Sinais Vitais,DIRETO,3
Escala BPS,Anatomia/Fisiol.,DIRETO,3
Escala BPS,Doencas,COMPLEMENTAR,2
Escala BPS,Protocolos,COMPLEMENTAR,2
Escala BPS,SAE/NANDA/NIC/NOC,COMPLEMENTAR,2
Escala BPS,Seguranca Paciente,DIRETO,3
Escala BPS,Educacao/Avaliacao,COMPLEMENTAR,2
Escala BPS,Saude Mental,DIRETO,3
Escala BPS,Vent. Mecanica,DIRETO,3
Escala BERG (BBS),Dispositivos,COMPLEMENTAR,2
Escala BERG (BBS),Sinais Vitais,COMPLEMENTAR,2
Escala BERG (BBS),Anatomia/Fisiol.,DIRETO,3
Escala BERG (BBS),Doencas,COMPLEMENTAR,2
Escala BERG (BBS),Protocolos,COMPLEMENTAR,2
Escala BERG (BBS),SAE/NANDA/NIC/NOC,DIRETO,3
Escala BERG (BBS),Seguranca Paciente,DIRETO,3
Escala BERG (BBS),Educacao/Avaliacao,COMPLEMENTAR,2
Escala BERG (BBS),Geriatria,DIRETO,3
Indice de Bishop,Medicamentos,COMPLEMENTAR,2
Indice de Bishop,Sinais Vitais,DIRETO,3
Indice de Bishop,Anatomia/Fisiol.,DIRETO,3
Indice de Bishop,Doencas,COMPLEMENTAR,2
Indice de Bishop,Protocolos,DIRETO,3
Indice de Bishop,SAE/NANDA/NIC/NOC,DIRETO,3
Indice de Bishop,Seguranca Paciente,COMPLEMENTAR,2
Indice de Bishop,Educacao/Avaliacao,COMPLEMENTAR,2
Indice de Bishop,Pediatria/Neo.,DIRETO,3
Indice de Bishop,Vent. Mecanica,COMPLEMENTAR,2
Escala CAM-ICU,Medicamentos,COMPLEMENTAR,2
Escala CAM-ICU,Sinais Vitais,DIRETO,3
Escala CAM-ICU,Anatomia/Fisiol.,DIRETO,3
Escala CAM-ICU,Doencas,DIRETO,3
Escala CAM-ICU,Protocolos,COMPLEMENTAR,2
Escala CAM-ICU,SAE/NANDA/NIC/NOC,DIRETO,3
Escala CAM-ICU,Seguranca Paciente,DIRETO,3
Escala CAM-ICU,Educacao/Avaliacao,COMPLEMENTAR,2
Escala CAM-ICU,Pediatria/Neo.,COMPLEMENTAR,2
Escala CAM-ICU,Vent. Mecanica,DIRETO,3
Escala de Cincinnati,Sinais Vitais,DIRETO,3
Escala de Cincinnati,Exames Lab.,COMPLEMENTAR,2
Escala de Cincinnati,Anatomia/Fisiol.,DIRETO,3
Escala de Cincinnati,Doencas,DIRETO,3
Escala de Cincinnati,Protocolos,DIRETO,3
Escala de Cincinnati,SAE/NANDA/NIC/NOC,DIRETO,3
Escala de Cincinnati,Seguranca Paciente,DIRETO,3
Escala de Cincinnati,Educacao/Avaliacao,COMPLEMENTAR,2
Escala de Cincinnati,Vent. Mecanica,COMPLEMENTAR,2
COPSOQ II,Anatomia/Fisiol.,COMPLEMENTAR,2
COPSOQ II,Doencas,COMPLEMENTAR,2
COPSOQ II,Protocolos,COMPLEMENTAR,2
COPSOQ II,SAE/NANDA/NIC/NOC,COMPLEMENTAR,2
COPSOQ II,Seguranca Paciente,DIRETO,3
COPSOQ II,Legislacao/CLT,DIRETO,3
COPSOQ II,Educacao/Avaliacao,DIRETO,3
COPSOQ II,Saude Mental,DIRETO,3
COPSOQ III,Anatomia/Fisiol.,COMPLEMENTAR,2
COPSOQ III,Doencas,COMPLEMENTAR,2
COPSOQ III,Protocolos,COMPLEMENTAR,2
COPSOQ III,SAE/NANDA/NIC/NOC,COMPLEMENTAR,2
COPSOQ III,Seguranca Paciente,DIRETO,3
COPSOQ III,Legislacao/CLT,DIRETO,3
COPSOQ III,Educacao/Avaliacao,DIRETO,3
COPSOQ III,Saude Mental,DIRETO,3
Escala de Cornell,Medicamentos,COMPLEMENTAR,2
Escala de Cornell,Anatomia/Fisiol.,COMPLEMENTAR,2
Escala de Cornell,Doencas,DIRETO,3
Escala de Cornell,Protocolos,COMPLEMENTAR,2
Escala de Cornell,SAE/NANDA/NIC/NOC,COMPLEMENTAR,2
Escala de Cornell,Seguranca Paciente,COMPLEMENTAR,2
Escala de Cornell,Educacao/Avaliacao,COMPLEMENTAR,2
Escala de Cornell,Geriatria,DIRETO,3
Escala de Cornell,Pediatria/Neo.,DIRETO,3
Escala de CRIES,Medicamentos,COMPLEMENTAR,2
Escala de CRIES,Sinais Vitais,DIRETO,3
Escala de CRIES,Anatomia/Fisiol.,DIRETO,3
Escala de CRIES,Doencas,COMPLEMENTAR,2
Escala de CRIES,Protocolos,COMPLEMENTAR,2
Escala de CRIES,SAE/NANDA/NIC/NOC,COMPLEMENTAR,2
Escala de CRIES,Seguranca Paciente,COMPLEMENTAR,2
Escala de CRIES,Educacao/Avaliacao,COMPLEMENTAR,2
Escala de CRIES,Pediatria/Neo.,DIRETO,3
Escala de CRIES,Vent. Mecanica,COMPLEMENTAR,2
Escala CURB-65,Medicamentos,DIRETO,3
Escala CURB-65,Sinais Vitais,DIRETO,3
Escala CURB-65,Exames Lab.,DIRETO,3
Escala CURB-65,Anatomia/Fisiol.,DIRETO,3
Escala CURB-65,Doencas,DIRETO,3
Escala CURB-65,Protocolos,DIRETO,3
Escala CURB-65,SAE/NANDA/NIC/NOC,COMPLEMENTAR,2
Escala CURB-65,Seguranca Paciente,DIRETO,3
Escala CURB-65,Educacao/Avaliacao,COMPLEMENTAR,2
Escala CURB-65,Vent. Mecanica,COMPLEMENTAR,2
Escala de Downton,Medicamentos,COMPLEMENTAR,2
Escala de Downton,Dispositivos,COMPLEMENTAR,2
Escala de Downton,Sinais Vitais,COMPLEMENTAR,2
Escala de Downton,Anatomia/Fisiol.,DIRETO,3
Escala de Downton,Doencas,COMPLEMENTAR,2
Escala de Downton,Protocolos,COMPLEMENTAR,2
Escala de Downton,SAE/NANDA/NIC/NOC,DIRETO,3
Escala de Downton,Seguranca Paciente,DIRETO,3
Escala de Downton,Educacao/Avaliacao,COMPLEMENTAR,2
Escala de Downton,Geriatria,DIRETO,3
Escala ELPO,Dispositivos,COMPLEMENTAR,2
Escala ELPO,Feridas,DIRETO,3
Escala ELPO,Curativos,DIRETO,3
Escala ELPO,Sinais Vitais,COMPLEMENTAR,2
Escala ELPO,Anatomia/Fisiol.,DIRETO,3
Escala ELPO,Doencas,COMPLEMENTAR,2
Escala ELPO,Protocolos,DIRETO,3
Escala ELPO,SAE/NANDA/NIC/NOC,DIRETO,3
Escala ELPO,Seguranca Paciente,DIRETO,3
Escala ELPO,Educacao/Avaliacao,COMPLEMENTAR,2
Escala ELPO,Bloco Operat.,DIRETO,3
Escala ELPO,Vent. Mecanica,COMPLEMENTAR,2
Escala FAST,Sinais Vitais,DIRETO,3
Escala FAST,Anatomia/Fisiol.,DIRETO,3
Escala FAST,Doencas,DIRETO,3
Escala FAST,Protocolos,DIRETO,3
Escala FAST,SAE/NANDA/NIC/NOC,COMPLEMENTAR,2
Escala FAST,Seguranca Paciente,DIRETO,3
Escala FAST,Educacao/Avaliacao,COMPLEMENTAR,2
Escala FAST,Vent. Mecanica,COMPLEMENTAR,2
Escala FLACC,Medicamentos,COMPLEMENTAR,2
Escala FLACC,Sinais Vitais,DIRETO,3
Escala FLACC,Anatomia/Fisiol.,DIRETO,3
Escala FLACC,Doencas,COMPLEMENTAR,2
Escala FLACC,Protocolos,COMPLEMENTAR,2
Escala FLACC,SAE/NANDA/NIC/NOC,COMPLEMENTAR,2
Escala FLACC,Seguranca Paciente,COMPLEMENTAR,2
Escala FLACC,Educacao/Avaliacao,COMPLEMENTAR,2
Escala FLACC,Pediatria/Neo.,DIRETO,3
Escala FLACC,Vent. Mecanica,COMPLEMENTAR,2
Escala FOUR,Sinais Vitais,DIRETO,3
Escala FOUR,Exames Lab.,COMPLEMENTAR,2
Escala FOUR,Anatomia/Fisiol.,DIRETO,3
Escala FOUR,Doencas,DIRETO,3
Escala FOUR,Protocolos,COMPLEMENTAR,2
Escala FOUR,SAE/NANDA/NIC/NOC,DIRETO,3
Escala FOUR,Seguranca Paciente,DIRETO,3
Escala FOUR,Educacao/Avaliacao,COMPLEMENTAR,2
Escala FOUR,Saude Mental,DIRETO,3
Escala FOUR,Vent. Mecanica,DIRETO,3
Escala Fugulin (SCP),Medicamentos,COMPLEMENTAR,2
Escala Fugulin (SCP),Dispositivos,COMPLEMENTAR,2
Escala Fugulin (SCP),Feridas,COMPLEMENTAR,2
Escala Fugulin (SCP),Curativos,COMPLEMENTAR,2
Escala Fugulin (SCP),Sinais Vitais,DIRETO,3
Escala Fugulin (SCP),Anatomia/Fisiol.,DIRETO,3
Escala Fugulin (SCP),Doencas,COMPLEMENTAR,2
Escala Fugulin (SCP),Protocolos,DIRETO,3
Escala Fugulin (SCP),SAE/NANDA/NIC/NOC,DIRETO,3
Escala Fugulin (SCP),Seguranca Paciente,DIRETO,3
Escala Fugulin (SCP),Legislacao/CLT,DIRETO,3
Escala Fugulin (SCP),Educacao/Avaliacao,COMPLEMENTAR,2
Escala Fugulin (SCP),Bloco Operat.,COMPLEMENTAR,2
Escala Fugulin (SCP),Vent. Mecanica,COMPLEMENTAR,2
Escala GDS,Medicamentos,COMPLEMENTAR,2
Escala GDS,Anatomia/Fisiol.,DIRETO,3
Escala GDS,Doencas,COMPLEMENTAR,2
Escala GDS,Protocolos,COMPLEMENTAR,2
Escala GDS,SAE/NANDA/NIC/NOC,DIRETO,3
Escala GDS,Seguranca Paciente,COMPLEMENTAR,2
Escala GDS,Educacao/Avaliacao,COMPLEMENTAR,2
Escala GDS,Geriatria,DIRETO,3
Escala GDS,Pediatria/Neo.,DIRETO,3
Escala de Gosnell,Feridas,DIRETO,3
Escala de Gosnell,Curativos,DIRETO,3
Escala de Gosnell,Sinais Vitais,COMPLEMENTAR,2
Escala de Gosnell,Anatomia/Fisiol.,DIRETO,3
Escala de Gosnell,Doencas,COMPLEMENTAR,2
Escala de Gosnell,Protocolos,DIRETO,3
Escala de Gosnell,SAE/NANDA/NIC/NOC,DIRETO,3
Escala de Gosnell,Seguranca Paciente,DIRETO,3
Escala de Gosnell,Educacao/Avaliacao,COMPLEMENTAR,2
Escala de Gosnell,Vent. Mecanica,COMPLEMENTAR,2
Escala Hamilton,Medicamentos,DIRETO,3
Escala Hamilton,Anatomia/Fisiol.,DIRETO,3
Escala Hamilton,Doencas,DIRETO,3
Escala Hamilton,Protocolos,COMPLEMENTAR,2
Escala Hamilton,SAE/NANDA/NIC/NOC,COMPLEMENTAR,2
Escala Hamilton,Seguranca Paciente,COMPLEMENTAR,2
Escala Hamilton,Educacao/Avaliacao,COMPLEMENTAR,2
Escala Hamilton,Pediatria/Neo.,DIRETO,3
Escala Hendrich II,Medicamentos,COMPLEMENTAR,2
Escala Hendrich II,Dispositivos,COMPLEMENTAR,2
Escala Hendrich II,Sinais Vitais,COMPLEMENTAR,2
Escala Hendrich II,Anatomia/Fisiol.,DIRETO,3
Escala Hendrich II,Doencas,COMPLEMENTAR,2
Escala Hendrich II,Protocolos,COMPLEMENTAR,2
Escala Hendrich II,SAE/NANDA/NIC/NOC,DIRETO,3
Escala Hendrich II,Seguranca Paciente,DIRETO,3
Escala Hendrich II,Educacao/Avaliacao,COMPLEMENTAR,2
Escala Hendrich II,Geriatria,COMPLEMENTAR,2
Escala Humpty-Dumpty,Medicamentos,COMPLEMENTAR,2
Escala Humpty-Dumpty,Sinais Vitais,COMPLEMENTAR,2
Escala Humpty-Dumpty,Anatomia/Fisiol.,DIRETO,3
Escala Humpty-Dumpty,Doencas,COMPLEMENTAR,2
Escala Humpty-Dumpty,Protocolos,COMPLEMENTAR,2
Escala Humpty-Dumpty,SAE/NANDA/NIC/NOC,DIRETO,3
Escala Humpty-Dumpty,Seguranca Paciente,DIRETO,3
Escala Humpty-Dumpty,Educacao/Avaliacao,COMPLEMENTAR,2
Escala Humpty-Dumpty,Pediatria/Neo.,DIRETO,3
Escala de Johns,Dispositivos,COMPLEMENTAR,2
Escala de Johns,Sinais Vitais,COMPLEMENTAR,2
Escala de Johns,Anatomia/Fisiol.,DIRETO,3
Escala de Johns,Doencas,COMPLEMENTAR,2
Escala de Johns,Protocolos,COMPLEMENTAR,2
Escala de Johns,SAE/NANDA/NIC/NOC,DIRETO,3
Escala de Johns,Seguranca Paciente,DIRETO,3
Escala de Johns,Educacao/Avaliacao,COMPLEMENTAR,2
Escala de Johns,Geriatria,COMPLEMENTAR,2
Escala de Jouvet,Sinais Vitais,DIRETO,3
Escala de Jouvet,Exames Lab.,COMPLEMENTAR,2
Escala de Jouvet,Anatomia/Fisiol.,DIRETO,3
Escala de Jouvet,Doencas,DIRETO,3
Escala de Jouvet,Protocolos,COMPLEMENTAR,2
Escala de Jouvet,SAE/NANDA/NIC/NOC,DIRETO,3
Escala de Jouvet,Seguranca Paciente,DIRETO,3
Escala de Jouvet,Educacao/Avaliacao,COMPLEMENTAR,2
Escala de Jouvet,Pediatria/Neo.,COMPLEMENTAR,2
Escala de Jouvet,Vent. Mecanica,DIRETO,3
Escala de Katz,Dispositivos,COMPLEMENTAR,2
Escala de Katz,Sinais Vitais,COMPLEMENTAR,2
Escala de Katz,Anatomia/Fisiol.,DIRETO,3
Escala de Katz,Doencas,COMPLEMENTAR,2
Escala de Katz,Protocolos,COMPLEMENTAR,2
Escala de Katz,SAE/NANDA/NIC/NOC,DIRETO,3
Escala de Katz,Seguranca Paciente,DIRETO,3
Escala de Katz,Educacao/Avaliacao,COMPLEMENTAR,2
Escala de Katz,Geriatria,DIRETO,3
Escala de Lachs,Medicamentos,COMPLEMENTAR,2
Escala de Lachs,Sinais Vitais,COMPLEMENTAR,2
Escala de Lachs,Anatomia/Fisiol.,DIRETO,3
Escala de Lachs,Doencas,COMPLEMENTAR,2
Escala de Lachs,Protocolos,COMPLEMENTAR,2
Escala de Lachs,SAE/NANDA/NIC/NOC,DIRETO,3
Escala de Lachs,Seguranca Paciente,COMPLEMENTAR,2
Escala de Lachs,Educacao/Avaliacao,COMPLEMENTAR,2
Escala de Lachs,Geriatria,DIRETO,3
Escala LANSS,Medicamentos,DIRETO,3
Escala LANSS,Sinais Vitais,COMPLEMENTAR,2
Escala LANSS,Anatomia/Fisiol.,DIRETO,3
Escala LANSS,Doencas,DIRETO,3
Escala LANSS,Protocolos,COMPLEMENTAR,2
Escala LANSS,SAE/NANDA/NIC/NOC,COMPLEMENTAR,2
Escala LANSS,Seguranca Paciente,COMPLEMENTAR,2
Escala LANSS,Educacao/Avaliacao,COMPLEMENTAR,2
Escala Lawton,Dispositivos,COMPLEMENTAR,2
Escala Lawton,Sinais Vitais,COMPLEMENTAR,2
Escala Lawton,Anatomia/Fisiol.,DIRETO,3
Escala Lawton,Doencas,COMPLEMENTAR,2
Escala Lawton,Protocolos,COMPLEMENTAR,2
Escala Lawton,SAE/NANDA/NIC/NOC,DIRETO,3
Escala Lawton,Seguranca Paciente,COMPLEMENTAR,2
Escala Lawton,Educacao/Avaliacao,COMPLEMENTAR,2
Escala Lawton,Geriatria,DIRETO,3
Escala Manchester,Sinais Vitais,DIRETO,3
Escala Manchester,Exames Lab.,COMPLEMENTAR,2
Escala Manchester,Anatomia/Fisiol.,DIRETO,3
Escala Manchester,Doencas,DIRETO,3
Escala Manchester,Protocolos,DIRETO,3
Escala Manchester,SAE/NANDA/NIC/NOC,DIRETO,3
Escala Manchester,Seguranca Paciente,DIRETO,3
Escala Manchester,Educacao/Avaliacao,COMPLEMENTAR,2
Escala Manchester,Vent. Mecanica,DIRETO,3
Escala MEEM,Sinais Vitais,COMPLEMENTAR,2
Escala MEEM,Anatomia/Fisiol.,DIRETO,3
Escala MEEM,Doencas,COMPLEMENTAR,2
Escala MEEM,Protocolos,COMPLEMENTAR,2
Escala MEEM,SAE/NANDA/NIC/NOC,DIRETO,3
Escala MEEM,Seguranca Paciente,COMPLEMENTAR,2
Escala MEEM,Educacao/Avaliacao,COMPLEMENTAR,2
Escala MEEM,Geriatria,DIRETO,3
Escala MEEM,Pediatria/Neo.,DIRETO,3
Escala MEOWS,Medicamentos,COMPLEMENTAR,2
Escala MEOWS,Sinais Vitais,DIRETO,3
Escala MEOWS,Anatomia/Fisiol.,DIRETO,3
Escala MEOWS,Doencas,DIRETO,3
Escala MEOWS,Protocolos,DIRETO,3
Escala MEOWS,SAE/NANDA/NIC/NOC,DIRETO,3
Escala MEOWS,Seguranca Paciente,DIRETO,3
Escala MEOWS,Educacao/Avaliacao,COMPLEMENTAR,2
Escala MEOWS,Pediatria/Neo.,DIRETO,3
Escala MEOWS,Vent. Mecanica,COMPLEMENTAR,2
Escala MoCA,Sinais Vitais,COMPLEMENTAR,2
Escala MoCA,Anatomia/Fisiol.,DIRETO,3
Escala MoCA,Doencas,DIRETO,3
Escala MoCA,Protocolos,COMPLEMENTAR,2
Escala MoCA,SAE/NANDA/NIC/NOC,DIRETO,3
Escala MoCA,Seguranca Paciente,COMPLEMENTAR,2
Escala MoCA,Educacao/Avaliacao,COMPLEMENTAR,2
Escala MoCA,Geriatria,DIRETO,3
Escala MoCA,Pediatria/Neo.,DIRETO,3
Escala NEWS,Sinais Vitais,DIRETO,3
Escala NEWS,Exames Lab.,COMPLEMENTAR,2
Escala NEWS,Anatomia/Fisiol.,DIRETO,3
Escala NEWS,Doencas,DIRETO,3
Escala NEWS,Protocolos,DIRETO,3
Escala NEWS,SAE/NANDA/NIC/NOC,DIRETO,3
Escala NEWS,Seguranca Paciente,DIRETO,3
Escala NEWS,Educacao/Avaliacao,COMPLEMENTAR,2
Escala NEWS,Vent. Mecanica,DIRETO,3
Escala NIHSS,Sinais Vitais,DIRETO,3
Escala NIHSS,Exames Lab.,COMPLEMENTAR,2
Escala NIHSS,Anatomia/Fisiol.,DIRETO,3
Escala NIHSS,Doencas,DIRETO,3
Escala NIHSS,Protocolos,DIRETO,3
Escala NIHSS,SAE/NANDA/NIC/NOC,DIRETO,3
Escala NIHSS,Seguranca Paciente,DIRETO,3
Escala NIHSS,Educacao/Avaliacao,COMPLEMENTAR,2
Escala NIHSS,Pediatria/Neo.,COMPLEMENTAR,2
Escala NIHSS,Vent. Mecanica,DIRETO,3
Escala NIPS,Medicamentos,COMPLEMENTAR,2
Escala NIPS,Sinais Vitais,DIRETO,3
Escala NIPS,Anatomia/Fisiol.,DIRETO,3
Escala NIPS,Doencas,COMPLEMENTAR,2
Escala NIPS,Protocolos,COMPLEMENTAR,2
Escala NIPS,SAE/NANDA/NIC/NOC,COMPLEMENTAR,2
Escala NIPS,Seguranca Paciente,COMPLEMENTAR,2
Escala NIPS,Educacao/Avaliacao,COMPLEMENTAR,2
Escala NIPS,Pediatria/Neo.,DIRETO,3
Escala NIPS,Vent. Mecanica,COMPLEMENTAR,2
Escala Norton,Feridas,DIRETO,3
Escala Norton,Curativos,DIRETO,3
Escala Norton,Sinais Vitais,COMPLEMENTAR,2
Escala Norton,Anatomia/Fisiol.,DIRETO,3
Escala Norton,Doencas,COMPLEMENTAR,2
Escala Norton,Protocolos,DIRETO,3
Escala Norton,SAE/NANDA/NIC/NOC,DIRETO,3
Escala Norton,Seguranca Paciente,DIRETO,3
Escala Norton,Educacao/Avaliacao,COMPLEMENTAR,2
Escala Norton,Vent. Mecanica,COMPLEMENTAR,2
Escala Numerica Dor,Medicamentos,COMPLEMENTAR,2
Escala Numerica Dor,Feridas,COMPLEMENTAR,2
Escala Numerica Dor,Curativos,COMPLEMENTAR,2
Escala Numerica Dor,Sinais Vitais,DIRETO,3
Escala Numerica Dor,Anatomia/Fisiol.,DIRETO,3
Escala Numerica Dor,Doencas,DIRETO,3
Escala Numerica Dor,Protocolos,DIRETO,3
Escala Numerica Dor,SAE/NANDA/NIC/NOC,DIRETO,3
Escala Numerica Dor,Seguranca Paciente,DIRETO,3
Escala Numerica Dor,Educacao/Avaliacao,COMPLEMENTAR,2
Escala Numerica Dor,Geriatria,COMPLEMENTAR,2
Escala Numerica Dor,Pediatria/Neo.,COMPLEMENTAR,2
Escala Numerica Dor,Vent. Mecanica,COMPLEMENTAR,2
Escala OFRAS,Sinais Vitais,COMPLEMENTAR,2
Escala OFRAS,Anatomia/Fisiol.,DIRETO,3
Escala OFRAS,Doencas,COMPLEMENTAR,2
Escala OFRAS,Protocolos,COMPLEMENTAR,2
Escala OFRAS,SAE/NANDA/NIC/NOC,DIRETO,3
Escala OFRAS,Seguranca Paciente,DIRETO,3
Escala OFRAS,Educacao/Avaliacao,COMPLEMENTAR,2
Escala OFRAS,Pediatria/Neo.,DIRETO,3
Escala PAINAD,Medicamentos,COMPLEMENTAR,2
Escala PAINAD,Feridas,COMPLEMENTAR,2
Escala PAINAD,Curativos,COMPLEMENTAR,2
Escala PAINAD,Sinais Vitais,COMPLEMENTAR,2
Escala PAINAD,Anatomia/Fisiol.,DIRETO,3
Escala PAINAD,Doencas,DIRETO,3
Escala PAINAD,Protocolos,COMPLEMENTAR,2
Escala PAINAD,SAE/NANDA/NIC/NOC,COMPLEMENTAR,2
Escala PAINAD,Seguranca Paciente,COMPLEMENTAR,2
Escala PAINAD,Educacao/Avaliacao,COMPLEMENTAR,2
Escala PAINAD,Geriatria,DIRETO,3
Escala PAINAD,Pediatria/Neo.,DIRETO,3
Escala PELOD,Medicamentos,DIRETO,3
Escala PELOD,Dispositivos,COMPLEMENTAR,2
Escala PELOD,Sinais Vitais,DIRETO,3
Escala PELOD,Exames Lab.,DIRETO,3
Escala PELOD,Anatomia/Fisiol.,DIRETO,3
Escala PELOD,Doencas,DIRETO,3
Escala PELOD,Protocolos,DIRETO,3
Escala PELOD,SAE/NANDA/NIC/NOC,DIRETO,3
Escala PELOD,Seguranca Paciente,DIRETO,3
Escala PELOD,Educacao/Avaliacao,COMPLEMENTAR,2
Escala PELOD,Pediatria/Neo.,DIRETO,3
Escala PELOD,Vent. Mecanica,DIRETO,3
Escala PEWS,Medicamentos,COMPLEMENTAR,2
Escala PEWS,Sinais Vitais,DIRETO,3
Escala PEWS,Exames Lab.,COMPLEMENTAR,2
Escala PEWS,Anatomia/Fisiol.,DIRETO,3
Escala PEWS,Doencas,DIRETO,3
Escala PEWS,Protocolos,DIRETO,3
Escala PEWS,SAE/NANDA/NIC/NOC,DIRETO,3
Escala PEWS,Seguranca Paciente,DIRETO,3
Escala PEWS,Educacao/Avaliacao,COMPLEMENTAR,2
Escala PEWS,Geriatria,DIRETO,3
Escala PEWS,Vent. Mecanica,DIRETO,3
Classif. Perroca (SCP),Medicamentos,COMPLEMENTAR,2
Classif. Perroca (SCP),Dispositivos,COMPLEMENTAR,2
Classif. Perroca (SCP),Feridas,COMPLEMENTAR,2
Classif. Perroca (SCP),Curativos,COMPLEMENTAR,2
Classif. Perroca (SCP),Sinais Vitais,DIRETO,3
Classif. Perroca (SCP),Anatomia/Fisiol.,DIRETO,3
Classif. Perroca (SCP),Doencas,COMPLEMENTAR,2
Classif. Perroca (SCP),Protocolos,DIRETO,3
Classif. Perroca (SCP),SAE/NANDA/NIC/NOC,DIRETO,3
Classif. Perroca (SCP),Seguranca Paciente,DIRETO,3
Classif. Perroca (SCP),Legislacao/CLT,DIRETO,3
Classif. Perroca (SCP),Educacao/Avaliacao,COMPLEMENTAR,2
Classif. Perroca (SCP),Bloco Operat.,COMPLEMENTAR,2
Classif. Perroca (SCP),Vent. Mecanica,COMPLEMENTAR,2
Escala PRISM,Medicamentos,DIRETO,3
Escala PRISM,Dispositivos,COMPLEMENTAR,2
Escala PRISM,Sinais Vitais,DIRETO,3
Escala PRISM,Exames Lab.,DIRETO,3
Escala PRISM,Anatomia/Fisiol.,DIRETO,3
Escala PRISM,Doencas,DIRETO,3
Escala PRISM,Protocolos,DIRETO,3
Escala PRISM,SAE/NANDA/NIC/NOC,DIRETO,3
Escala PRISM,Seguranca Paciente,DIRETO,3
Escala PRISM,Educacao/Avaliacao,COMPLEMENTAR,2
Escala PRISM,Pediatria/Neo.,DIRETO,3
Escala PRISM,Vent. Mecanica,DIRETO,3
Escala qSOFA,Medicamentos,DIRETO,3
Escala qSOFA,Sinais Vitais,DIRETO,3
Escala qSOFA,Exames Lab.,COMPLEMENTAR,2
Escala qSOFA,Anatomia/Fisiol.,DIRETO,3
Escala qSOFA,Doencas,DIRETO,3
Escala qSOFA,Protocolos,DIRETO,3
Escala qSOFA,SAE/NANDA/NIC/NOC,DIRETO,3
Escala qSOFA,Seguranca Paciente,DIRETO,3
Escala qSOFA,Educacao/Avaliacao,COMPLEMENTAR,2
Escala qSOFA,Vent. Mecanica,DIRETO,3
Escala Ramsay,Medicamentos,DIRETO,3
Escala Ramsay,Sinais Vitais,DIRETO,3
Escala Ramsay,Anatomia/Fisiol.,DIRETO,3
Escala Ramsay,Doencas,COMPLEMENTAR,2
Escala Ramsay,Protocolos,COMPLEMENTAR,2
Escala Ramsay,SAE/NANDA/NIC/NOC,DIRETO,3
Escala Ramsay,Seguranca Paciente,DIRETO,3
Escala Ramsay,Educacao/Avaliacao,COMPLEMENTAR,2
Escala Ramsay,Pediatria/Neo.,COMPLEMENTAR,2
Escala Ramsay,Saude Mental,DIRETO,3
Escala Ramsay,Vent. Mecanica,DIRETO,3
Rancho Los Amigos,Sinais Vitais,COMPLEMENTAR,2
Rancho Los Amigos,Anatomia/Fisiol.,DIRETO,3
Rancho Los Amigos,Doencas,DIRETO,3
Rancho Los Amigos,Protocolos,COMPLEMENTAR,2
Rancho Los Amigos,SAE/NANDA/NIC/NOC,DIRETO,3
Rancho Los Amigos,Seguranca Paciente,COMPLEMENTAR,2
Rancho Los Amigos,Educacao/Avaliacao,COMPLEMENTAR,2
Rancho Los Amigos,Pediatria/Neo.,DIRETO,3
Rancho Los Amigos,Vent. Mecanica,COMPLEMENTAR,2
Escala Richmond (RASS),Medicamentos,DIRETO,3
Escala Richmond (RASS),Sinais Vitais,DIRETO,3
Escala Richmond (RASS),Anatomia/Fisiol.,DIRETO,3
Escala Richmond (RASS),Doencas,COMPLEMENTAR,2
Escala Richmond (RASS),Protocolos,COMPLEMENTAR,2
Escala Richmond (RASS),SAE/NANDA/NIC/NOC,DIRETO,3
Escala Richmond (RASS),Seguranca Paciente,DIRETO,3
Escala Richmond (RASS),Educacao/Avaliacao,COMPLEMENTAR,2
Escala Richmond (RASS),Pediatria/Neo.,COMPLEMENTAR,2
Escala Richmond (RASS),Saude Mental,DIRETO,3
Escala Richmond (RASS),Vent. Mecanica,DIRETO,3
Escala SAPS III,Medicamentos,DIRETO,3
Escala SAPS III,Dispositivos,COMPLEMENTAR,2
Escala SAPS III,Sinais Vitais,DIRETO,3
Escala SAPS III,Exames Lab.,DIRETO,3
Escala SAPS III,Anatomia/Fisiol.,DIRETO,3
Escala SAPS III,Doencas,DIRETO,3
Escala SAPS III,Protocolos,DIRETO,3
Escala SAPS III,SAE/NANDA/NIC/NOC,DIRETO,3
Escala SAPS III,Seguranca Paciente,DIRETO,3
Escala SAPS III,Educacao/Avaliacao,COMPLEMENTAR,2
Escala SAPS III,Vent. Mecanica,DIRETO,3
Silverman Anderson,Sinais Vitais,DIRETO,3
Silverman Anderson,Anatomia/Fisiol.,DIRETO,3
Silverman Anderson,Doencas,COMPLEMENTAR,2
Silverman Anderson,Protocolos,COMPLEMENTAR,2
Silverman Anderson,SAE/NANDA/NIC/NOC,DIRETO,3
Silverman Anderson,Seguranca Paciente,COMPLEMENTAR,2
Silverman Anderson,Educacao/Avaliacao,COMPLEMENTAR,2
Silverman Anderson,Pediatria/Neo.,DIRETO,3
Silverman Anderson,Vent. Mecanica,COMPLEMENTAR,2
Escala Tinetti (POMA),Medicamentos,COMPLEMENTAR,2
Escala Tinetti (POMA),Dispositivos,COMPLEMENTAR,2
Escala Tinetti (POMA),Sinais Vitais,COMPLEMENTAR,2
Escala Tinetti (POMA),Anatomia/Fisiol.,DIRETO,3
Escala Tinetti (POMA),Doencas,COMPLEMENTAR,2
Escala Tinetti (POMA),Protocolos,COMPLEMENTAR,2
Escala Tinetti (POMA),SAE/NANDA/NIC/NOC,DIRETO,3
Escala Tinetti (POMA),Seguranca Paciente,DIRETO,3
Escala Tinetti (POMA),Educacao/Avaliacao,COMPLEMENTAR,2
Escala Tinetti (POMA),Geriatria,DIRETO,3
Escala Wood Downes,Sinais Vitais,DIRETO,3
Escala Wood Downes,Anatomia/Fisiol.,DIRETO,3
Escala Wood Downes,Doencas,COMPLEMENTAR,2
Escala Wood Downes,Protocolos,COMPLEMENTAR,2
Escala Wood Downes,SAE/NANDA/NIC/NOC,DIRETO,3
Escala Wood Downes,Seguranca Paciente,COMPLEMENTAR,2
Escala Wood Downes,Educacao/Avaliacao,COMPLEMENTAR,2
Escala Wood Downes,Pediatria/Neo.,DIRETO,3
Escala Wood Downes,Vent. Mecanica,COMPLEMENTAR,2
Escala Zarit,Medicamentos,COMPLEMENTAR,2
Escala Zarit,Anatomia/Fisiol.,COMPLEMENTAR,2
Escala Zarit,Doencas,DIRETO,3
Escala Zarit,Protocolos,COMPLEMENTAR,2
Escala Zarit,SAE/NANDA/NIC/NOC,DIRETO,3
Escala Zarit,Seguranca Paciente,COMPLEMENTAR,2
Escala Zarit,Educacao/Avaliacao,COMPLEMENTAR,2
Escala Zarit,Geriatria,DIRETO,3
Escala Zarit,Pediatria/Neo.,DIRETO,3
