source_id,title,bookshelf_id,year,license,landing_url,priority
SRC-OPENRN-SKILLS-2E-2023,"Nursing Skills, 2nd edition",NBK596735,2023,CC BY 4.0,https://www.ncbi.nlm.nih.gov/books/NBK596735/,P0
SRC-OPENRN-ADVANCED-SKILLS-2023,Nursing Advanced Skills,NBK594492,2023,CC BY 4.0,https://www.ncbi.nlm.nih.gov/books/NBK594492/,P0
SRC-OPENRN-PHARMACOLOGY-2E-2023,"Nursing Pharmacology, 2nd edition",NBK595000,2023,CC BY 4.0,https://www.ncbi.nlm.nih.gov/books/NBK595000/,P0
SRC-OPENRN-FUNDAMENTALS-2E-2024,"Nursing Fundamentals, 2nd edition",NBK610815,2024,CC BY 4.0,https://www.ncbi.nlm.nih.gov/books/NBK610815/,P0
SRC-OPENRN-HEALTH-ALTERATIONS-2024,Health Alterations,NBK613078,2024,CC BY 4.0,https://www.ncbi.nlm.nih.gov/books/NBK613078/,P0
SRC-OPENRN-MANAGEMENT-2E-2024,"Nursing Management and Professional Concepts, 2nd edition",NBK610445,2024,CC BY 4.0,https://www.ncbi.nlm.nih.gov/books/NBK610445/,P1
SRC-OPENRN-HEALTH-PROMOTION-2025,Nursing Health Promotion,NBK615319,2025,CC BY 4.0,https://www.ncbi.nlm.nih.gov/books/NBK615319/,P1
SRC-OPENRN-MENTAL-COMMUNITY-2E-2025,"Nursing: Mental Health and Community Concepts, 2nd edition",NBK616982,2025,CC BY 4.0,https://www.ncbi.nlm.nih.gov/books/NBK616982/,P1
SRC-OPENRN-MEDICAL-TERMINOLOGY-2E-2024,"Medical Terminology, 2nd edition",NBK607454,2024,CC BY 4.0,https://www.ncbi.nlm.nih.gov/books/NBK607454/,P2
SRC-OPENRN-NURSING-ASSISTANT-2022,Nursing Assistant,NBK599384,2022,CC BY 4.0,https://www.ncbi.nlm.nih.gov/books/NBK599384/,P2
