id,org,title,year,url,role,jurisdiction,type,verified_on,verification_status
SRC-MS-ST,Ministério da Saúde,Saúde do Trabalhador,current,https://www.gov.br/saude/pt-br/composicao/svsa/saude-do-trabalhador,Visão oficial brasileira do campo de Saúde do Trabalhador,BR,official_portal,2026-10-03,web_checked_on_build_date
SRC-MS-PNSTT,Ministério da Saúde,Política Nacional de Saúde do Trabalhador e da Trabalhadora,2012/current consolidated,https://www.gov.br/saude/pt-br/composicao/svsa/saude-do-trabalhador/pnstt,"Política pública, princípios e estratégias",BR,official_policy,2026-10-03,web_checked_on_build_date
SRC-MS-RENAST,Ministério da Saúde,Rede Nacional de Atenção Integral à Saúde do Trabalhador e da Trabalhadora,current,https://www.gov.br/saude/pt-br/composicao/svsa/saude-do-trabalhador/renast,RENAST/CEREST e rede assistencial-vigilância,BR,official_portal,2026-10-03,web_checked_on_build_date
SRC-MS-VISAT,Ministério da Saúde,Vigilância em Saúde do Trabalhador,current,https://www.gov.br/saude/pt-br/composicao/svsa/saude-do-trabalhador/vigilancia-em-saude-do-trabalhador-vigisat,"VISAT, agravos, investigação e notificação",BR,official_portal,2026-10-03,registered_authoritative_seed_recheck_before_publication
SRC-MS-LDRT,Ministério da Saúde,"Portaria GM/MS nº 1.999, de 27 de novembro de 2023 — Lista de Doenças Relacionadas ao Trabalho",2023,https://bvsms.saude.gov.br/bvs/saudelegis/gm/2023/prt1999_29_11_2023.html,Lista oficial de doenças relacionadas ao trabalho,BR,normative,2026-10-03,registered_authoritative_seed_recheck_before_publication
SRC-MTE-NRS-INDEX,Ministério do Trabalho e Emprego,Normas Regulamentadoras Vigentes,current,https://www.gov.br/trabalho-e-emprego/pt-br/acesso-a-informacao/participacao-social/conselhos-e-orgaos-colegiados/comissao-tripartite-partitaria-permanente/normas-regulamentadora/normas-regulamentadoras-vigentes,Índice canônico das NRs vigentes,BR,normative_index,2026-10-03,registered_authoritative_seed_recheck_before_publication
SRC-MTE-NR01,Ministério do Trabalho e Emprego,NR-1 — Disposições Gerais e Gerenciamento de Riscos Ocupacionais,vigente desde 26/05/2026,https://www.gov.br/trabalho-e-emprego/pt-br/acesso-a-informacao/participacao-social/conselhos-e-orgaos-colegiados/comissao-tripartite-partitaria-permanente/normas-regulamentadora/normas-regulamentadoras-vigentes/nr-1,GRO/PGR e fatores de risco psicossociais,BR,normative,2026-10-03,web_checked_on_build_date
SRC-MTE-NR04,Ministério do Trabalho e Emprego,NR-4 — Serviços Especializados em Segurança e em Medicina do Trabalho,current,https://www.gov.br/trabalho-e-emprego/pt-br/acesso-a-informacao/participacao-social/conselhos-e-orgaos-colegiados/comissao-tripartite-partitaria-permanente/normas-regulamentadora/normas-regulamentadoras-vigentes/norma-regulamentadora-no-4-nr-4,SESMT,BR,normative,2026-10-03,registered_authoritative_seed_recheck_before_publication
SRC-MTE-NR06,Ministério do Trabalho e Emprego,NR-6 — Equipamento de Proteção Individual,current; mod. 16/01/2025,https://www.gov.br/trabalho-e-emprego/pt-br/acesso-a-informacao/participacao-social/conselhos-e-orgaos-colegiados/comissao-tripartite-partitaria-permanente/normas-regulamentadora/normas-regulamentadoras-vigentes/norma-regulamentadora-no-6-nr-6,EPI e Certificado de Aprovação,BR,normative,2026-10-03,registered_authoritative_seed_recheck_before_publication
SRC-MTE-NR07,Ministério do Trabalho e Emprego,NR-7 — Programa de Controle Médico de Saúde Ocupacional,current,https://www.gov.br/trabalho-e-emprego/pt-br/acesso-a-informacao/participacao-social/conselhos-e-orgaos-colegiados/comissao-tripartite-partitaria-permanente/normas-regulamentadora/normas-regulamentadoras-vigentes/norma-regulamentadora-no-7-nr-7,"PCMSO, exames ocupacionais e ASO",BR,normative,2026-10-03,registered_authoritative_seed_recheck_before_publication
SRC-MTE-NR09,Ministério do Trabalho e Emprego,"NR-9 — Avaliação e Controle das Exposições Ocupacionais a Agentes Físicos, Químicos e Biológicos",current,https://www.gov.br/trabalho-e-emprego/pt-br/acesso-a-informacao/participacao-social/conselhos-e-orgaos-colegiados/comissao-tripartite-partitaria-permanente/normas-regulamentadora/normas-regulamentadoras-vigentes/norma-regulamentadora-no-9-nr-9,Avaliação e controle das exposições ocupacionais; interface vigente com o GRO/PGR,BR,normative,2026-10-03,registered_authoritative_seed_recheck_before_publication
SRC-MTE-NR17,Ministério do Trabalho e Emprego,NR-17 — Ergonomia,current,https://www.gov.br/trabalho-e-emprego/pt-br/acesso-a-informacao/participacao-social/conselhos-e-orgaos-colegiados/comissao-tripartite-partitaria-permanente/normas-regulamentadora/normas-regulamentadoras-vigentes/norma-regulamentadora-no-17-nr-17,"Ergonomia, AEP e AET",BR,normative,2026-10-03,registered_authoritative_seed_recheck_before_publication
SRC-MTE-NR26,Ministério do Trabalho e Emprego,NR-26 — Sinalização de Segurança,current,https://www.gov.br/trabalho-e-emprego/pt-br/acesso-a-informacao/participacao-social/conselhos-e-orgaos-colegiados/comissao-tripartite-partitaria-permanente/normas-regulamentadora/normas-regulamentadoras-vigentes/norma-regulamentadora-no-26-nr-26,"Sinalização, classificação e comunicação de perigos químicos",BR,normative,2026-10-03,registered_authoritative_seed_recheck_before_publication
SRC-MTE-NR32,Ministério do Trabalho e Emprego,NR-32 — Segurança e Saúde no Trabalho em Serviços de Saúde,current; mod. 20/12/2022,https://www.gov.br/trabalho-e-emprego/pt-br/acesso-a-informacao/participacao-social/conselhos-e-orgaos-colegiados/comissao-tripartite-partitaria-permanente/normas-regulamentadora/normas-regulamentadoras-vigentes/norma-regulamentadora-no-32-nr-32,Riscos e medidas preventivas em serviços de saúde,BR,normative,2026-10-03,registered_authoritative_seed_recheck_before_publication
SRC-FUNDACENTRO-NHO,Fundacentro,Normas de Higiene Ocupacional — NHOs,current index; updated 2026,https://www.gov.br/fundacentro/pt-br/centrais-de-conteudo/biblioteca/nhos,Métodos técnicos de avaliação de exposições,BR,technical_standard_index,2026-10-03,web_checked_on_build_date
SRC-ESOCIAL-DOC,eSocial,Documentação Técnica do eSocial,S-1.3 / 2026,https://www.gov.br/esocial/pt-br/documentacao-tecnica/documentacao-tecnica/,"Versões, leiautes, manuais, notas e esquemas oficiais",BR,official_technical_docs,2026-10-03,web_checked_on_build_date
SRC-ESOCIAL-MOS,eSocial,Manual de Orientação do eSocial Simplificado v. S-1.3 — consolidado até NO 11/2026,2026,https://www.gov.br/esocial/pt-br/documentacao-tecnica/manuais/mos-s-1-3-consolidada-ate-a-no-s-1-3-11-2026-com-marcacoes-retificada.pdf,Regras operacionais do eSocial,BR,official_manual,2026-10-03,registered_authoritative_seed_recheck_before_publication
SRC-ESOCIAL-TABLES,eSocial,Tabelas e eventos — Leiautes eSocial S-1.3 NT 07/2026,2026,https://www.gov.br/esocial/pt-br/documentacao-tecnica/leiautes-esocial-versao-s-1-3-nt-07-2026/tabelas.html/view,Identificação de eventos e tabelas vigentes/publicadas,BR,official_layout,2026-10-03,registered_authoritative_seed_recheck_before_publication
SRC-PREV-FAP,Ministério da Previdência Social,FAP — Fator Acidentário de Prevenção,current,https://www.gov.br/previdencia/pt-br/assuntos/previdencia-social/saude-e-seguranca-do-trabalhador/fap/fator-acidentario-de-prevencao-fap,"Conceito, cálculo e gestão do FAP",BR,official_portal,2026-10-03,registered_authoritative_seed_recheck_before_publication
SRC-PREV-FAP-2027,Ministério da Previdência Social,FAP com vigência para 2027 disponível para consulta,2026,https://www.gov.br/previdencia/pt-br/noticias/2026/setembro/fator-acidentario-de-prevencao-fap-com-vigencia-para-2027-esta-disponivel-para-consulta-a-partir-desta-quarta-feira-30/,Atualização temporal FAP 2027,BR,official_news,2026-10-03,registered_authoritative_seed_recheck_before_publication
SRC-PREV-NTEP,Ministério da Previdência Social,Acidentes do Trabalho — apresentação e NTEP,current statistical reference,https://www.gov.br/previdencia/pt-br/assuntos/previdencia-social/arquivos/aeps-2024/secao-iv-2013-acidentes-do-trabalho/apresentacao-acidentes-de-trabalho,Conceito e lógica do NTEP,BR,official_reference,2026-10-03,registered_authoritative_seed_recheck_before_publication
SRC-INSS-APOS-ESP,INSS,Aposentadoria Especial — referência previdenciária,current,https://www.gov.br/inss/pt-br/direitos-e-deveres/aposentadorias/aposentadoria-especial-1,Exposição a agentes nocivos e documentação previdenciária,BR,official_portal,2026-10-03,registered_authoritative_seed_recheck_before_publication
SRC-COFEN-238,Conselho Federal de Enfermagem,Resolução Cofen 238/2000,2000,https://www.cofen.gov.br/resolucao-cofen-238-2000/,Qualificação em nível médio em Enfermagem do Trabalho e supervisão,BR,professional_norm,2026-10-03,web_checked_on_build_date
SRC-COFEN-609,Conselho Federal de Enfermagem,Resolução Cofen 609/2019,2019,https://www.cofen.gov.br/resolucao-cofen-no-609-2019/,Especializações técnicas reconhecidas e carga mínima de 300 h,BR,professional_norm,2026-10-03,web_checked_on_build_date
SRC-COFEN-581,Conselho Federal de Enfermagem,Resolução Cofen 581/2018 — lista consolidada de especialidades,2018/current amendments,https://www.cofen.gov.br/resolucao-cofen-no-581-2018/,"Especialidades do Enfermeiro, incluindo Saúde Ocupacional",BR,professional_norm,2026-10-03,web_checked_on_build_date
SRC-COFEN-610,Conselho Federal de Enfermagem,Resolução Cofen 610/2019,2019,https://www.cofen.gov.br/resolucao-cofen-no-610-2019/,Denominação Enfermagem em Saúde Ocupacional / Enfermeiro do Trabalho / Saúde do Trabalhador,BR,professional_norm,2026-10-03,web_checked_on_build_date
SRC-MEC-CNCT4,Ministério da Educação / Ministério da Saúde,Catálogo Nacional de Cursos Técnicos — 4ª edição — Técnico em Enfermagem,2024,https://www.gov.br/saude/pt-br/composicao/sgtes/diretrizes-para-formacao-tecnica-na-saude/publicacoes/catalogo-nacional-de-cursos-tecnicos.pdf,Perfil e carga horária do Técnico em Enfermagem,BR,education_reference,2026-10-03,registered_authoritative_seed_recheck_before_publication
SRC-WHO-OH,World Health Organization,Occupational health,current,https://www.who.int/health-topics/occupational-health,Conceitos e objetivos globais de saúde ocupacional,GLOBAL,international_authority,2026-10-03,registered_authoritative_seed_recheck_before_publication
SRC-WHO-HCW,World Health Organization,Protecting health and safety of health workers,current,https://www.who.int/activities/protecting-health-and-safety-of-health-workers,Riscos ocupacionais e proteção de trabalhadores da saúde,GLOBAL,international_authority,2026-10-03,registered_authoritative_seed_recheck_before_publication
SRC-NIOSH-HOC,NIOSH / CDC,Hierarchy of Controls,2024,https://www.cdc.gov/niosh/hierarchy-of-controls/about/index.html,Hierarquia de controles de exposição,US/international_reference,technical_reference,2026-10-03,registered_authoritative_seed_recheck_before_publication
SRC-NIOSH-TWH,NIOSH / CDC,Hierarchy of Controls Applied to Total Worker Health,2024,https://www.cdc.gov/niosh/twh/php/hierarchy/,Proteção e promoção do bem-estar com prioridade a intervenções organizacionais,US/international_reference,technical_reference,2026-10-03,registered_authoritative_seed_recheck_before_publication
SRC-ILO-OSH,International Labour Organization,The Fundamental Conventions on Occupational Safety and Health,2023,https://www.ilo.org/publications/fundamental-conventions-occupational-safety-and-health-0,Convenções fundamentais 155 e 187 de SST,GLOBAL,international_normative_reference,2026-10-03,registered_authoritative_seed_recheck_before_publication
SRC-IARC-MONOGRAPHS,International Agency for Research on Cancer,IARC Monographs on the Identification of Carcinogenic Hazards to Humans,current,https://monographs.iarc.who.int/,Carcinógenos e perigos carcinogênicos,GLOBAL,scientific_authority,2026-10-03,registered_authoritative_seed_recheck_before_publication
SRC-ISO-45001,International Organization for Standardization,ISO 45001 — Occupational health and safety management systems,2018/current,https://www.iso.org/iso-45001-occupational-health-and-safety.html,Sistema de gestão de SST,GLOBAL,standard_reference,2026-10-03,registered_authoritative_seed_recheck_before_publication
