source_id,org,title,year,source_url,doi,tier,priority,atomization_status,evidence_atoms,risk,license_class,license_name,rights_holder,local_store,atomize_tdm_ai,factual_claim_use,short_quote,translate_adapt,reproduce_tables_figures,redistribute_full_source,public_site_use,commercial_site_use,logo_trademark,pipeline_action,confidence,evidence_basis,evidence_urls,reviewed_at,notes
SRC-ABA-BURN-2024,American Burn Association,Clinical Practice Guidelines on Burn Shock Resuscitation,2024,https://pubmed.ncbi.nlm.nih.gov/38051821/,10.1093/jbcr/irad125,clinical_guideline,P0,ATOMIZED_EVIDENCE,749,ORANGE,ALL_RIGHTS_RESERVED,OUP on behalf of ABA — all rights reserved,Authors / Oxford University Press on behalf of ABA,INTERNAL_EVIDENCE_COPY_ONLY_IF_LAWFULLY_ACCESSED,NOT_EXPRESSLY_GRANTED; PERMISSION REQUIRED FOR AUTOMATED PIPELINE,HUMAN_READ_AND_INDEPENDENT_FACTUAL_SYNTHESIS_WITH_CITATION,LIMITED_WITH_CITATION,PERMISSION REQUIRED,PERMISSION REQUIRED,NOT ALLOWED WITHOUT PERMISSION,LINK/CITATION; NO DIRECT REUSE,PERMISSION REQUIRED,ABA/OUP MARKS NOT LICENSED,QUARANTINE_AI; HUMAN_REFERENCE_ONLY,HIGH,Article copyright notice says all rights reserved; commercial reuse/translation/reprints/other permissions handled by OUP/RightsLink.,https://pubmed.ncbi.nlm.nih.gov/38051821/,2026-10-03,"Existing corpus contains 749 evidence atoms from this source; downstream generative use must be blocked until permission/substitution. Facts/scientific concepts may be independently restated where lawful; this does not authorize copying protected expression, tables, algorithms, figures or branded forms."
SRC-ACS-TRAUMA-STANDARDS,American College of Surgeons,"Resources for Optimal Care of the Injured Patient — 2022 Standards, revisions through 2025",2022–2025,https://www.facs.org/quality-programs/trauma/quality/verification-review-and-consultation-program/standards/,,professional_standard,P0,ATOMIZED_EVIDENCE,80,ORANGE,ALL_RIGHTS_RESERVED_STANDARD,ACS trauma standards proprietary publication,American College of Surgeons,INTERNAL_REFERENCE_COPY_ONLY_IF_PUBLICLY_DOWNLOADED,NOT_EXPRESSLY_GRANTED; PERMISSION REQUIRED,HUMAN_READ_AND_INDEPENDENT_FACTUAL_SYNTHESIS_WITH_CITATION,LIMITED_WITH_CITATION,PERMISSION REQUIRED,PERMISSION REQUIRED,NOT ALLOWED UNLESS ACS EXPRESSLY AUTHORIZES,LINK/CITATION; DO NOT REPUBLISH STANDARDS,PERMISSION REQUIRED,ACS MARKS PROTECTED,QUARANTINE_AI; HUMAN_REFERENCE_ONLY,MEDIUM_HIGH,ACS standards are downloadable but prior editions carry all-rights-reserved notices; no open licence identified for 2022/2025 standards.,https://www.facs.org/quality-programs/trauma/quality/verification-review-and-consultation-program/standards/,2026-10-03,"Existing corpus contains 80 evidence atoms from this source; downstream generative use must be blocked until permission/substitution. Facts/scientific concepts may be independently restated where lawful; this does not authorize copying protected expression, tables, algorithms, figures or branded forms."
SRC-AES-CSE-2016,American Epilepsy Society,Evidence-Based Guideline: Treatment of Convulsive Status Epilepticus in Children and Adults,2016; current while update in development,https://aesnet.org/clinical-care/clinical-guidance/guideline-prolonged-seizures/guideline-for-treatment-of-prolonged-seizures-in-children-and-adults,,clinical_guideline,P0,ATOMIZED_EVIDENCE,15,ORANGE,COPYRIGHTED_FREE_ACCESS,© American Epilepsy Society; no open licence displayed on 2016 guideline,American Epilepsy Society,INTERNAL_REFERENCE_COPY_ONLY,NOT_EXPRESSLY_GRANTED; REVIEW/PERMISSION REQUIRED,HUMAN_READ_AND_INDEPENDENT_FACTUAL_SYNTHESIS_WITH_CITATION,LIMITED_WITH_CITATION,PERMISSION REQUIRED,PERMISSION REQUIRED (algorithm especially),DO NOT REDISTRIBUTE UNLESS TERMS ALLOW,LINK/CITATION; RECREATE OWN NON-COPYING ALGORITHM FROM FACTS ONLY AFTER REVIEW,PERMISSION REQUIRED FOR DIRECT REUSE,AES MARKS PROTECTED,HUMAN_REFERENCE_ONLY; CONSIDER OPEN 2025 BRAZIL REVIEW AS SUPPLEMENT,MEDIUM_HIGH,PMC shows © American Epilepsy Society and no Creative Commons licence for the 2016 guideline.,https://pmc.ncbi.nlm.nih.gov/articles/PMC4749120/,2026-10-03,"Facts/scientific concepts may be independently restated where lawful; this does not authorize copying protected expression, tables, algorithms, figures or branded forms."
SRC-AMIB-SBPT-VM-2024,AMIB / SBPT,Orientações Práticas de Ventilação Mecânica 2024,2024,https://amib.org.br/documentos/orientacoes-praticas-de-ventilacao-mecanica-2024/,,clinical_guidance,P1,ATOMIZED_METADATA_ONLY,0,ORANGE,RIGHTS_UNCLEAR_PROFESSIONAL_GUIDANCE,No explicit open reuse licence verified,AMIB / SBPT / authors,INTERNAL_REFERENCE_COPY_ONLY,NOT_VERIFIED; HOLD_FOR_PERMISSION_OR_OPEN_SUBSTITUTE,HUMAN_READ_AND_INDEPENDENT_FACTUAL_SYNTHESIS_WITH_CITATION,LIMITED WITH CITATION,PERMISSION/LICENCE CHECK REQUIRED,DO NOT REUSE WITHOUT PERMISSION,LINK ONLY UNLESS NOTICE ALLOWS,FACTUAL SYNTHESIS ONLY; NO DIRECT REUSE,PERMISSION REVIEW REQUIRED,AMIB/SBPT MARKS NOT LICENSED,QUARANTINE_AI_PENDING_RIGHTS_NOTICE,LOW_MEDIUM,Public access does not itself create a reuse licence; no explicit open licence was verified during audit.,https://amib.org.br/documentos/orientacoes-praticas-de-ventilacao-mecanica-2024/,2026-10-03,"Facts/scientific concepts may be independently restated where lawful; this does not authorize copying protected expression, tables, algorithms, figures or branded forms."
SRC-ANVISA-ITU-2026,ANVISA,Protocolo para prevenção de infecção do trato urinário relacionada ao uso de cateter vesical de demora,2025–2026,https://www.gov.br/anvisa/pt-br/assuntos/servicosdesaude/prevencao-e-controle-de-infeccao-e-resistencia-microbiana/prevencao-das-principais-iras/infeccao-do-trato-urinario/protocolo-3-prevencao-de-itu-final.pdf,,official_guideline,P0,ATOMIZED_EVIDENCE,554,ORANGE,GOV_SITE_CC_BY_ND_TECHNICAL_PUBLICATION,gov.br site CC BY-ND 3.0; exact PDF may have publication-specific/third-party rights,ANVISA / União / credited third parties,ALLOWED_FOR_REFERENCE,REVIEW_REQUIRED_BECAUSE_ND_AND_ITEM_SPECIFIC_RIGHTS,ALLOW_INDEPENDENT_FACTUAL_SYNTHESIS_WITH_CITATION,LIMITED WITH CITATION,DO NOT DISTRIBUTE ADAPTED SOURCE MATERIAL WITHOUT PERMISSION; NONOFFICIAL FACTUAL SUMMARY IS SEPARATE,CHECK PDF CREDIT LINES; NO DERIVATIVE REUSE BY DEFAULT,UNMODIFIED SOURCE LINK/PDF SUBJECT TO NOTICE,LINK/CITATION; DIRECT UNMODIFIED USE ONLY IF NOTICE COVERS,CC BY-ND SITE LICENSE MAY ALLOW SHARING BUT NOT DERIVATIVES; ITEM REVIEW REQUIRED,ANVISA LOGO NOT LICENSED FOR ENDORSEMENT,HUMAN_REFERENCE_ONLY_PENDING_ITEM_LICENSE,MEDIUM,ANVISA gov.br pages carry CC BY-ND 3.0 site notice; technical PDF must be checked for its own notice and third-party material.,https://www.gov.br/anvisa/pt-br/assuntos/ | https://www.gov.br/anvisa/pt-br/assuntos/servicosdesaude/prevencao-e-controle-de-infeccao-e-resistencia-microbiana/prevencao-das-principais-iras/infeccao-do-trato-urinario/protocolo-3-prevencao-de-itu-final.pdf,2026-10-03,"Facts/scientific concepts may be independently restated where lawful; this does not authorize copying protected expression, tables, algorithms, figures or branded forms."
SRC-BEERS-2023,American Geriatrics Society,2023 Updated AGS Beers Criteria,2023,https://pubmed.ncbi.nlm.nih.gov/37139824/,10.1111/jgs.18372,clinical_consensus,P2,ATOMIZED_EVIDENCE,782,ORANGE,AUTHOR_MANUSCRIPT_NOT_OPEN_LICENSED,PMC author manuscript; no CC licence identified; AGS Beers Criteria® proprietary/trademarked content,American Geriatrics Society / authors / publisher,INTERNAL_REFERENCE_COPY_ONLY,NOT_EXPRESSLY_GRANTED; QUARANTINE_PENDING_PERMISSION,HUMAN_READ_AND_INDEPENDENT_FACTUAL_SYNTHESIS_WITH_CITATION,LIMITED_WITH_CITATION,PERMISSION REQUIRED FOR PROTECTED EXPRESSION/CRITERIA TABLES,DO NOT COPY CRITERIA TABLES WITHOUT PERMISSION,DO NOT ASSUME PMC DEPOSIT GRANTS REDISTRIBUTION,CITATION AND INDEPENDENT SYNTHESIS; NO TABLE REPRODUCTION,PERMISSION/LICENCE REQUIRED FOR DIRECT REUSE,AGS Beers Criteria® is a protected mark; use nominatively only,QUARANTINE_AI; HUMAN_REFERENCE_ONLY,MEDIUM_HIGH,PMC provides an NIH author manuscript but does not display a Creative Commons licence; open availability is not equivalent to open reuse.,https://pmc.ncbi.nlm.nih.gov/articles/PMC12478568/,2026-10-03,"Existing corpus contains 782 evidence atoms from this source; downstream generative use must be blocked until permission/substitution. Facts/scientific concepts may be independently restated where lawful; this does not authorize copying protected expression, tables, algorithms, figures or branded forms."
SRC-BTF-TBI-4,Brain Trauma Foundation,"Guidelines for the Management of Severe TBI, 4th Edition",current,https://braintrauma.org/coma/guidelines/severe-tbi,,clinical_guideline,P0,ATOMIZED_EVIDENCE,5622,ORANGE,RIGHTS_UNCLEAR_GUIDELINE,No open licence verified,Brain Trauma Foundation / authors/publisher as applicable,INTERNAL_REFERENCE_ONLY,NOT_VERIFIED; PERMISSION/OPEN SUBSTITUTE REQUIRED,HUMAN_READ_AND_INDEPENDENT_FACTUAL_SYNTHESIS_WITH_CITATION,LIMITED WITH CITATION,PERMISSION REQUIRED UNLESS ITEM LICENSE SAYS OTHERWISE,DO NOT REUSE WITHOUT PERMISSION,LINK ONLY,FACTUAL SYNTHESIS/CITATION ONLY,PERMISSION REVIEW REQUIRED,BTF MARKS NOT LICENSED,QUARANTINE_AI_PENDING_RIGHTS_CAPTURE,LOW_MEDIUM,No explicit open reuse licence was verified for the current BTF guideline portal during this audit.,https://braintrauma.org/coma/guidelines/severe-tbi,2026-10-03,"Existing corpus contains 5622 evidence atoms from this source; downstream generative use must be blocked until permission/substitution. Facts/scientific concepts may be independently restated where lawful; this does not authorize copying protected expression, tables, algorithms, figures or branded forms."
SRC-CRASH2,CRASH-2 Collaborators,"Effects of tranexamic acid on death, vascular occlusive events, and blood transfusion in trauma patients",2010,https://pubmed.ncbi.nlm.nih.gov/20554319/,10.1016/S0140-6736(10)60835-5,randomized_trial,P2,ATOMIZED_EVIDENCE,392,ORANGE,COPYRIGHTED_JOURNAL_ARTICLE,Lancet article; no open reuse licence verified,Authors / The Lancet / Elsevier as applicable,INTERNAL_REFERENCE_COPY_ONLY_IF_LAWFULLY_ACCESSED,NOT_VERIFIED; QUARANTINE,HUMAN_READ_AND_INDEPENDENT_FACTUAL_SYNTHESIS_WITH_CITATION,LIMITED WITH CITATION,PERMISSION REQUIRED,PERMISSION REQUIRED,NOT ALLOWED WITHOUT LICENSE,CITATION/LINK; INDEPENDENT SYNTHESIS ONLY,PERMISSION REQUIRED FOR DIRECT REUSE,JOURNAL LOGOS NOT LICENSED,QUARANTINE_AI; HUMAN_REFERENCE_ONLY,MEDIUM_HIGH,Article is a conventional Lancet publication and no Creative Commons/open reuse licence was verified for the copy in corpus.,https://pubmed.ncbi.nlm.nih.gov/20554319/,2026-10-03,"Existing corpus contains 392 evidence atoms from this source; downstream generative use must be blocked until permission/substitution. Facts/scientific concepts may be independently restated where lawful; this does not authorize copying protected expression, tables, algorithms, figures or branded forms."
SRC-ERC-2025,European Resuscitation Council,ERC Guidelines 2025,2025,https://www.erc.edu/science-research/guidelines/guidelines-2025/,,clinical_guideline,P0,ATOMIZED_EVIDENCE,14,ORANGE,EDUCATIONAL_USE_FREE_COMMERCIAL_AGREEMENT,ERC assets free for educational use; commercial use requires agreement; journal articles may have publisher restrictions,European Resuscitation Council / Elsevier for journal publications,ALLOWED_FOR_EDUCATIONAL_REFERENCE,NOT_EXPRESSLY_GRANTED; JOURNAL ARTICLES MAY RESERVE TDM/AI,HUMAN_READ_AND_INDEPENDENT_FACTUAL_SYNTHESIS_WITH_CITATION,LIMITED WITH CITATION,USE OFFICIAL TRANSLATIONS OR SEEK PERMISSION,EDUCATIONAL ASSETS MAY BE USED UNDER ERC CONDITIONS; COMMERCIAL AGREEMENT REQUIRED,EDUCATIONAL USE SUBJECT TO ERC/PUBLISHER TERMS,NONCOMMERCIAL EDUCATIONAL USE MAY BE ALLOWED; CHECK EACH ASSET,ERC AGREEMENT REQUIRED,ERC LOGO/MARKS NOT AUTOMATICALLY LICENSED,HUMAN_REFERENCE_ONLY_UNTIL_TDM_RIGHTS_CONFIRMED,MEDIUM_HIGH,"ERC Download Centre says assets may be downloaded/used for educational purposes free of cost, while commercial use needs an agreement; journal publications may carry Elsevier all-rights-reserved terms.",https://www.erc.edu/download-centre | https://www.erc.edu/science-research/guidelines/guidelines-2025/,2026-10-03,"Facts/scientific concepts may be independently restated where lawful; this does not authorize copying protected expression, tables, algorithms, figures or branded forms."
SRC-GOLD-2026,Global Initiative for Chronic Obstructive Lung Disease,"Global Strategy for Prevention, Diagnosis and Management of COPD — 2026 Report",2026,https://goldcopd.org/2026-gold-report-and-pocket-guide/,,clinical_guideline,P0,ATOMIZED_EVIDENCE,7670,ORANGE,PROPRIETARY_GUIDELINE,GOLD copyrighted report; no broad open licence verified,Global Initiative for Chronic Obstructive Lung Disease,INTERNAL_REFERENCE_COPY_ONLY,NOT_VERIFIED; QUARANTINE,HUMAN_READ_AND_INDEPENDENT_FACTUAL_SYNTHESIS_WITH_CITATION,LIMITED WITH CITATION,PERMISSION REQUIRED UNLESS EXPRESSLY AUTHORIZED,PERMISSION REQUIRED,DO NOT REDISTRIBUTE UNLESS TERMS ALLOW,CITATION/LINK; INDEPENDENT SYNTHESIS ONLY,PERMISSION REVIEW REQUIRED,GOLD MARKS/LOGOS NOT LICENSED,QUARANTINE_AI_PENDING_RIGHTS_NOTICE,MEDIUM,GOLD report is copyrighted and no broad open reuse licence was verified in this audit.,https://goldcopd.org/2026-gold-report-and-pocket-guide/,2026-10-03,"Existing corpus contains 7670 evidence atoms from this source; downstream generative use must be blocked until permission/substitution. Facts/scientific concepts may be independently restated where lawful; this does not authorize copying protected expression, tables, algorithms, figures or branded forms."
SRC-INOUYE-DELIRIUM-2014,Lancet / authors,Delirium in elderly people,2014,https://pubmed.ncbi.nlm.nih.gov/23992774/,,review,P2,ATOMIZED_EVIDENCE,797,ORANGE,AUTHOR_MANUSCRIPT_NOT_OPEN_LICENSED,PMC author manuscript; no CC licence identified,Authors / The Lancet / publisher; some embedded items have separate rights,INTERNAL_REFERENCE_COPY_ONLY,NOT_EXPRESSLY_GRANTED; QUARANTINE,HUMAN_READ_AND_INDEPENDENT_FACTUAL_SYNTHESIS_WITH_CITATION,LIMITED WITH CITATION,PERMISSION REQUIRED FOR PROTECTED EXPRESSION,CHECK EACH ITEM; SOME ARE ADAPTED WITH PERMISSION FROM OTHER RIGHTSHOLDERS,DO NOT ASSUME PMC DEPOSIT GRANTS REDISTRIBUTION,CITATION/INDEPENDENT SYNTHESIS,PERMISSION REQUIRED FOR DIRECT REUSE,NO LOGO REUSE,QUARANTINE_AI; HUMAN_REFERENCE_ONLY,MEDIUM_HIGH,"PMC author manuscript has no Creative Commons licence; at least one panel/figure is identified as adapted with permission from AMA, showing mixed rights.",https://pmc.ncbi.nlm.nih.gov/articles/PMC4120864/,2026-10-03,"Existing corpus contains 797 evidence atoms from this source; downstream generative use must be blocked until permission/substitution. Facts/scientific concepts may be independently restated where lawful; this does not authorize copying protected expression, tables, algorithms, figures or branded forms."
SRC-ISMP-BR-MPP,ISMP Brasil,Medicamentos Potencialmente Perigosos — listas de referência,vigente,https://ismp-brasil.org/medicamentos-potencialmente-perigosos/,,specialty_guidance,P1,ATOMIZED_EVIDENCE,10,ORANGE,RIGHTS_UNCLEAR_ADAPTED_LISTS,ISMP Brasil adapted/professional safety lists; no open reuse licence verified,ISMP Brasil and source licensors including ISMP US,INTERNAL_REFERENCE_ONLY,NOT_VERIFIED; QUARANTINE,USE AS REFERENCE; BUILD INSTITUTION-SPECIFIC LIST FROM INDEPENDENTLY VERIFIED EVIDENCE,LIMITED WITH CITATION,DO NOT ADAPT/REPUBLISH LISTS WITHOUT PERMISSION,DO NOT REUSE LIST/TABLE LAYOUT WITHOUT PERMISSION,LINK TO OFFICIAL BULLETINS,CITATION/LINK; NO LIST REPRINT,PERMISSION REVIEW REQUIRED,ISMP MARKS NOT LICENSED,HUMAN_REFERENCE_ONLY; NO AUTOMATED LIST REPLICATION,MEDIUM,ISMP Brasil states its lists are adapted from ISMP US and periodically updated; no open licence for republication was verified.,https://ismp-brasil.org/medicamentos-potencialmente-perigosos/,2026-10-03,"Facts/scientific concepts may be independently restated where lawful; this does not authorize copying protected expression, tables, algorithms, figures or branded forms."
SRC-JBI-MANUAL-2026,JBI,JBI Manual for Evidence Synthesis,current; updated 2026,https://jbi.global/,,methodological_standard,P1,ATOMIZED_EVIDENCE,16,ORANGE,RIGHTS_UNCLEAR_MANUAL,Free access does not equal open licence; no reuse licence verified,JBI / Adelaide University / contributors,INTERNAL_REFERENCE_ONLY,NOT_VERIFIED; QUARANTINE_PENDING_LICENSE,HUMAN_READ_AND_INDEPENDENT_METHODOLOGICAL_SYNTHESIS_WITH_CITATION,LIMITED WITH CITATION,PERMISSION/LICENCE CHECK REQUIRED,DO NOT REUSE WITHOUT PERMISSION,LINK ONLY UNLESS LICENCE SAYS OTHERWISE,CITATION/LINK; NO DIRECT REPRODUCTION,PERMISSION REVIEW REQUIRED,JBI MARKS NOT LICENSED,QUARANTINE_AI_PENDING_RIGHTS_CAPTURE,LOW_MEDIUM,"JBI manual is accessible, but no explicit open reuse licence was verified during the audit.",https://jbi.global/,2026-10-03,"Existing corpus contains 16 evidence atoms from this source; downstream generative use must be blocked until permission/substitution. Facts/scientific concepts may be independently restated where lawful; this does not authorize copying protected expression, tables, algorithms, figures or branded forms."
SRC-KDIGO-AKI,KDIGO,Acute Kidney Injury (AKI) and Acute Kidney Disease (AKD) guideline portal,2012 current; 2026 update in finalization,https://kdigo.org/guidelines/acute-kidney-injury/,,clinical_guideline,P0,ATOMIZED_EVIDENCE,4969,ORANGE,PROPRIETARY_PERMISSION_REQUIRED,KDIGO guideline rights and permissions policy,KDIGO,INTERNAL_REFERENCE_COPY_ONLY,NOT_EXPRESSLY_GRANTED; PERMISSION REQUIRED FOR REUSE/ADAPTATION,HUMAN_READ_AND_INDEPENDENT_FACTUAL_SYNTHESIS_WITH_CITATION,LIMITED WITH CITATION,PERMISSION REQUIRED,PERMISSION REQUIRED,NOT ALLOWED WITHOUT PERMISSION,LINK/CITATION; NO DIRECT REUSE,PERMISSION/LICENCE REQUIRED,KDIGO LOGO REQUIRES PRIOR WRITTEN PERMISSION,QUARANTINE_AI; HUMAN_REFERENCE_ONLY,HIGH,"KDIGO states it holds rights to all guidelines/publications and requests permission for reuse/adaptation, figures and tables; logo requires written permission.",https://kdigo.org/ufaq-category/rights-permissions/,2026-10-03,"Existing corpus contains 4969 evidence atoms from this source; downstream generative use must be blocked until permission/substitution. Facts/scientific concepts may be independently restated where lawful; this does not authorize copying protected expression, tables, algorithms, figures or branded forms."
SRC-PUBMED-IV,Nursing Standard / PubMed,How to undertake intravenous infusion calculations,2020,https://pubmed.ncbi.nlm.nih.gov/31930888/,10.7748/ns.2020.e11444,inherited_evidence,P2,ACQUISITION_GAP,0,ORANGE,ABSTRACT_METADATA_ONLY / PAYWALLED_FULLTEXT,Nursing Standard article; PubMed metadata/abstract only,RCN Publishing / article author,PUBMED_METADATA_ALLOWED; FULLTEXT_LICENSED_COPY_ONLY,DO_NOT_INGEST_PAYWALLED_FULLTEXT_WITHOUT_PERMISSION; METADATA ONLY,USE ABSTRACT ONLY FOR HIGH-LEVEL CONTEXT; REPLACE WITH OPEN NCBI SOURCE FOR CALCULATIONS,LIMITED ABSTRACT QUOTE WITH CITATION,PERMISSION REQUIRED FOR FULLTEXT,PERMISSION REQUIRED,PROHIBITED,CITATION/LINK ONLY,PERMISSION REQUIRED,NO MARK REUSE,DEPRECATE_AS_PRIMARY; USE_SRC_NCBI,HIGH,PubMed provides metadata/abstract; full article is publisher-controlled and the abstract page carries copyright notice.,https://pubmed.ncbi.nlm.nih.gov/31930888/,2026-10-03,"Facts/scientific concepts may be independently restated where lawful; this does not authorize copying protected expression, tables, algorithms, figures or branded forms."
SRC-SBD-CAD-2026,Sociedade Brasileira de Diabetes,Diretriz SBD 2026 — Diagnóstico e tratamento da cetoacidose diabética,2026,https://diretriz.diabetes.org.br/diagnostico-e-tratamento-da-cetoacidose-diabetica/,,clinical_guideline,P0,ATOMIZED_EVIDENCE,307,ORANGE,RIGHTS_UNCLEAR_PROFESSIONAL_GUIDELINE,Public web guideline; no explicit open reuse licence verified,Sociedade Brasileira de Diabetes / authors,INTERNAL_REFERENCE_ONLY,NOT_VERIFIED; HOLD,HUMAN_READ_AND_INDEPENDENT_FACTUAL_SYNTHESIS_WITH_CITATION,LIMITED WITH CITATION,PERMISSION REVIEW REQUIRED,DO NOT REUSE WITHOUT LICENCE/PERMISSION,LINK/PDF PROVIDED BY SOURCE; DO NOT REPUBLISH,CITATION/INDEPENDENT SYNTHESIS ONLY,PERMISSION REVIEW REQUIRED,SBD MARKS NOT LICENSED,QUARANTINE_AI_PENDING_RIGHTS_NOTICE; USE ADA ONLY HUMAN DUE TDM BAN AND OPEN PRIMARY EVIDENCE,LOW_MEDIUM,Guideline is freely readable/downloadable but no explicit Creative Commons/open reuse notice was found in the audit.,https://diretriz.diabetes.org.br/diagnostico-e-tratamento-da-cetoacidose-diabetica/,2026-10-03,"Existing corpus contains 307 evidence atoms from this source; downstream generative use must be blocked until permission/substitution. Facts/scientific concepts may be independently restated where lawful; this does not authorize copying protected expression, tables, algorithms, figures or branded forms."
SRC-SBPT-GUIDELINES,Sociedade Brasileira de Pneumologia e Tisiologia,Consensos e Diretrizes da SBPT,current,https://sbpt.org.br/portal/consensos-e-diretrizes-da-sbpt/,,professional_guidance,P2,ATOMIZED_EVIDENCE,53,ORANGE,RIGHTS_UNCLEAR_PROFESSIONAL_GUIDELINES,No blanket open reuse licence verified,Sociedade Brasileira de Pneumologia e Tisiologia / authors/publishers,INTERNAL_REFERENCE_ONLY,NOT_VERIFIED; QUARANTINE,HUMAN READ; INDEPENDENT FACTUAL SYNTHESIS WITH CITATION,LIMITED WITH CITATION,PERMISSION REVIEW REQUIRED,DO NOT REUSE WITHOUT ITEM LICENCE,LINK ONLY UNLESS ARTICLE LICENCE ALLOWS,CITATION/FACTUAL SYNTHESIS; CHECK EACH ARTICLE,PERMISSION REVIEW REQUIRED,SBPT MARKS NOT LICENSED,ITEM_LEVEL_LICENSE_REQUIRED_BEFORE_AI_USE,LOW_MEDIUM,SBPT portal aggregates guidelines from different publications; licence must be checked per guideline/article rather than inferred from the portal.,https://sbpt.org.br/portal/consensos-e-diretrizes-da-sbpt/,2026-10-03,"Facts/scientific concepts may be independently restated where lawful; this does not authorize copying protected expression, tables, algorithms, figures or branded forms."
SRC-SEPSIS3-2016,Sepsis-3 Task Force,The Third International Consensus Definitions for Sepsis and Septic Shock (Sepsis-3),2016,https://pubmed.ncbi.nlm.nih.gov/26903338/,10.1001/jama.2016.0287,consensus_primary,P2,ATOMIZED_EVIDENCE,447,ORANGE,AUTHOR_MANUSCRIPT_NOT_OPEN_LICENSED,PMC author manuscript; no CC licence identified,Authors / JAMA / AMA as applicable,INTERNAL_REFERENCE_COPY_ONLY,NOT_EXPRESSLY_GRANTED; QUARANTINE,HUMAN READ AND INDEPENDENT FACTUAL SYNTHESIS WITH CITATION,LIMITED WITH CITATION,PERMISSION REQUIRED FOR PROTECTED EXPRESSION,PERMISSION REQUIRED/ITEM CHECK,DO NOT ASSUME PMC DEPOSIT GRANTS REDISTRIBUTION,CITATION/INDEPENDENT SYNTHESIS,PERMISSION REQUIRED FOR DIRECT REUSE,NO JAMA/AMA MARK REUSE,QUARANTINE_AI; USE DEFINITIONS AS FACTUAL CONCEPTS WITH CITATION AFTER HUMAN REVIEW,MEDIUM_HIGH,PMC author manuscript is available but no Creative Commons reuse licence is shown.,https://pmc.ncbi.nlm.nih.gov/articles/PMC4968574/,2026-10-03,"Existing corpus contains 447 evidence atoms from this source; downstream generative use must be blocked until permission/substitution. Facts/scientific concepts may be independently restated where lawful; this does not authorize copying protected expression, tables, algorithms, figures or branded forms."
SRC-WHO-SUICIDE-2026,World Health Organization,Suicide — Questions and answers / LIVE LIFE resources,2026,https://www.who.int/news-room/questions-and-answers/item/suicide,,official_guidance,P1,ATOMIZED_EVIDENCE,68,ORANGE,WHO_WEB_CONTENT_NOT_CONFIRMED_PUBLICATION_LICENSE,WHO website content — specific CC publication licence not established for Q&A page,World Health Organization,INTERNAL_REFERENCE_COPY_ONLY,REVIEW_REQUIRED; DO_NOT_ASSUME PUBLICATION CC LICENSE,HUMAN READ AND INDEPENDENT FACTUAL SYNTHESIS WITH CITATION,LIMITED WITH CITATION,PERMISSION/WEB TERMS REVIEW REQUIRED,PERMISSION REQUIRED UNLESS SEPARATE LICENCE,LINK ONLY,CITATION/LINK; NO PAGE REPRINT,PERMISSION REVIEW REQUIRED,WHO LOGO REQUIRES WRITTEN AUTHORIZATION,HUMAN_REFERENCE_ONLY; USE WHO LICENSED PUBLICATIONS WHERE AVAILABLE,MEDIUM,"WHO open-access policy clearly covers WHO publications; this source is a news-room Q&A page, so do not automatically apply publication CC terms.",https://www.who.int/news-room/questions-and-answers/item/suicide | https://www.who.int/about/policies/publishing/copyright,2026-10-03,"Facts/scientific concepts may be independently restated where lawful; this does not authorize copying protected expression, tables, algorithms, figures or branded forms."
